1,Tamqrah,Shawdforth,133261301,Female,Fachhochschule Bonn-Rhein-Sieg,Schamberger Group,Product Management
2,Ardys,Ferenczi,64744,Female,Chaudhary Charan Singh University,Gutmann, Cummings and Cormier,Accounting
3,Margette,Dibner,62606,Female,University of Sudbury,Doyle, Powlowski and Leuschke,Business Development
4,Libby,Gandrich,593301943,Female,University College Cork,Jenkins Inc,Training
5,Lennard,Castelin,006311003,Male,University of West Hungary,VonRueden-Dooley,Marketing
6,Nicol,Hacard,6706,Male,Open University of Hong Kong,Yundt-Monahan,Human Resources
7,Phil,Abelov,161462057,Non-binary,Payame Noor University,Schaefer, Fahey and Mills,Research and Development
8,Susy,Reuther,764423273,Polygender,Zayed University,Johns Group,Marketing
9,Vania,Klousner,816022270,Female,Ghana Christian University College,Jast, Rogahn and Dicki,Engineering
10,Tedda,Whotton,331665643,Female,State University of Management,Bergstrom-Kautzer,Marketing
11,Francisco,Ettels,287394217,Male,Presbyterian College,O'Hara, Sipes and Lakin,Training
12,Marlie,Patillo,336142630,Female,Omdurman Ahlia University,Shields Inc,Support
13,Travus,Colcutt,462601903,Male,Universidad de Puerto Rico, Carolina,Herman-Skiles,Marketing
14,Lebbie,Delahunty,352708,Female,Al-Nasser University,Wyman, Nikolaus and Considine,Services
15,Peggy,Alexsandrowicz,801123648,Female,American Jewish University,Leannon-Heathcote,Product Management
16,Merline,Keysall,33016,Female,Western Maryland College,Stark, Howe and Steuber,Training
17,Etan,Wellbank,48267,Male,Kuvempu University,Feeney, Erdman and Larson,Training
18,Meade,Yukhnevich,770775865,Male,Ulyanovsk State Technical University,Powlowski-Watsica,Sales
19,Corny,Padilla,973391189,Male,University of Cyprus,Gerhold-Ward,Services
20,Bobbe,Hagstone,926833396,Female,Columbia College of Missouri,Trantow, Kozey and Kertzmann,Services
21,Alyda,Sperring,331733015,Female,Rheinisch Westfälische Technische Hochschule Aachen,Aufderhar Inc,Business Development
22,Jeremiah,Osant,400651660,Male,Mayo Medical School,Greenholt LLC,Product Management
23,Kerry,Medina,440011350,Male,Sapporo Medical University,Braun Group,Services
24,Reade,Josofovitz,B2V,Male,Katholische Fachhochschule Mainz,Schulist Inc,Legal
25,Corene,Glusby,30103,Genderfluid,Wuhan Technical University of Surveying and Mapping,Hand Inc,Legal
26,Ignaz,Kelsow,,Male,University of Zadar,Kilback, Bashirian and Auer,Sales
27,Gae,Rouke,907035438,Female,Rheinische Friedrich-Wilhelms Universität Bonn,Klocko-Gorczany,Support
28,Eugenius,Conibear,631101002,Male,Universidad del Atlántico,Kiehn, Rolfson and Nicolas,Legal
29,Andre,Edgehill,503-0644,Male,International Budo University,Kshlerin, Walker and Wisoky,Accounting
30,Leslie,Brickwood,850122702,Male,National University of Shipbuilding,VonRueden and Sons,Support
31,Valma,Toulch,505015740,Female,Tusculum College,O'Connell, Mitchell and Kozey,Product Management
32,Hammad,Allden,622072326,Male,Aichi Shukutoku University,Macejkovic-Mohr,Marketing
33,Curtice,Coller,30540,Male,University of Neuchatel,Kertzmann, Flatley and Gislason,Human Resources
34,Tiffani,Wetherill,310367297,Female,Fachhochschule Nordhessen,Heaney-Fahey,Services
35,Rhiamon,Molloy,212283703,Female,Reformed Bible College,Swaniawski-Rutherford,Sales
36,Elfrieda,Cotsford,28777,Female,Morris College,Hirthe-Wiza,Training
37,Jamil,Grinyakin,,Male,Universidad Nacional Daniel Alcides Carrion,Runolfsson-Olson,Product Management
38,Amery,Carbett,,Male,Ecole Supérieure d'Ingénieurs en Génie Electrique,Shields, Kiehn and O'Kon,Human Resources
39,Noreen,Gallafant,112203599,Female,Ho Chi Minh City University of Architecture,Dickens, Lueilwitz and Hackett,Legal
40,Tirrell,Joskowitz,982744127,Male,National Sanskrit University,Effertz Inc,Human Resources
41,Mar,Chicotti,770812944,Genderqueer,Universidade Autónoma de Lisboa Luís de Camoes,Stanton, Kertzmann and Blick,Sales
42,Pierce,Long,852488134,Male,El Colegio de México,Schuster-Keebler,Accounting
43,Adelaide,Dommerque,900276062,Female,Holy Apostles College,Greenholt-Kshlerin,Training
44,Alphonse,Atwel,395330555,Male,Universidad de Norteamerica,Conroy-Luettgen,Marketing
45,Boycey,Crawcour,759042707,Male,Moscow Institute of Physics and Technology,Oberbrunner, Blick and Hackett,Product Management
46,Kikelia,Clendinning,658075209,Female,National University of Uzbekistan,Schinner, Johns and Altenwerth,Engineering
47,Atalanta,Newe,456318441,Female,Dr. B.R. Ambedkar Open University,Breitenberg, Turner and Parisian,Training
48,Thorny,Sim,3505,Male,Orenburg State University,Smith Inc,Services
49,Lothaire,Haszard,,Polygender,Technical University of Mining and Metallurgy Ostrava,Gusikowski and Sons,Product Management
50,Baryram,Lis,9507,Male,Gansu University of Technology,Haley LLC,Engineering
51,Arri,Alelsandrowicz,327953457,Male,Kobe Pharmaceutical University,Erdman-Kuhlman,Human Resources
52,Vince,Studman,,Male,Griffith University,Hodkiewicz, Barrows and Collier,Legal
53,Mabelle,O'Hartnett,481686823,Genderfluid,Najran University,Hammes LLC,Accounting
54,Gelya,Delwater,02114,Female,Morgan State University,Goodwin and Sons,Legal
55,Matthieu,Camble,47403,Male,University of California, Merced,Koelpin Inc,Business Development
56,Shelli,Jevons,016052903,Female,California State University, San Bernadino,Russel-Cronin,Human Resources
57,Steffie,Cremer,59604,Polygender,The Emirates Academy of Hotel Managment,Streich, Wilkinson and Cummings,Product Management
58,Melantha,Crookall,850063742,Female,Hebei University of Economics and Trade,Nader-Shanahan,Sales
59,Rosella,Bunton,65600,Female,Universidade Jean Piaget de Cabo Verde,Kilback, Blanda and Jakubowski,Human Resources
60,Mathian,Merigon,895203006,Genderqueer,Universidade Católica de Pernambuco,Tillman and Sons,Research and Development
61,Jory,Lownds,212750001,Male,Royal Danish Academy of Fine Arts, School of Visual Art,Murray, Ratke and Bartoletti,Human Resources
62,Gal,Lage,492036125,Male,Nairobi Technical Training Institute ,Beier-Streich,Services
63,Burl,Fere,891336340,Male,Alabama Agricultural and Mechanical University,Prohaska, Kiehn and Daugherty,Human Resources
64,Sollie,Cheyney,756330549,Male,University Tun Abdul Razak,Graham-Zieme,Accounting
65,Saxe,Petrus,334096501,Male,Samara State Technical University,Runolfsson and Sons,Accounting
66,Laraine,Marrian,,Non-binary,Universidad Tecnológica de El Salvador,Dach-Kunze,Engineering
67,Sandy,Birckmann,664413466,Male,Centro Universitario de Occidente,Price LLC,Support
68,Giff,Belsham,330253925,Male,Nordakademie, Staatlich anerkannte private Fachhochschule mit dualen Studiengängen,Graham and Sons,Product Management
69,Kris,Hinkley,2956,Male,Olivet Nazarene University,Veum Group,Support
70,Leila,Crosetti,330246184,Female,Vidyasagar University,Pfeffer-Parker,Sales
71,Gibbie,Rouzet,753974599,Male,University of Alaska - Anchorage,Strosin, Christiansen and Kuphal,Legal
72,Shane,Trevorrow,55057,Female,Universidad Privada Boliviana,Klein-Trantow,Marketing
73,Dew,Coiley,537052254,Male,State Engineering University of Armenia,Reichel LLC,Services
74,Katuscha,Rubinsaft,53221,Female,Pratt Institute,Hermiston, Mraz and Flatley,Product Management
75,Addy,Toombs,,Male,Universidade Federal de Roraima,Graham-Wisoky,Legal
76,Karoline,Scamadine,795530911,Female,Nanjing University of Traditional Chinese Medicine,Kuphal Inc,Services
77,Edsel,Noden,,Genderqueer,Adams State College,Mayer-Gleason,Services
78,Tallou,Dalbey,105502026,Female,Mokpo National Maritime University,Senger and Sons,Engineering
79,Aurie,Baff,679510010,Agender,Université de Lomé,Collier LLC,Accounting
80,Richie,De Filippis,600482149,Male,Koshien University,Gibson-Wolff,Research and Development
81,Wandie,Adamski,083022123,Non-binary,Al-Islah University,Padberg Group,Marketing
82,Joane,Prene,,Female,Universidad Especializada de Las Americas,Walsh-Marquardt,Training
83,Bernita,Walenta,11375,Female,Moscow State University of Geodesy and Cartography,Schaefer-Franecki,Human Resources
84,Kitty,Markwick,520520550,Genderqueer,Arid Agriculture University,Schmitt-Jerde,Engineering
85,Charmane,Ruffli,271035616,Genderfluid,Bourgas Free University,D'Amore Inc,Services
86,Christy,Wilfinger,170554325,Male,Quincy University,Schumm, Shields and Carroll,Sales
87,Dana,Koopman,945465305,Female,Universitas Widyatama,Shields, Raynor and O'Conner,Support
88,Annis,Chad,,Female,Universidad del Bío-Bío,Hermiston Group,Sales
89,Pamela,Bletsoe,674392541,Female,Université de Skikda,Conn, Wintheiser and Breitenberg,Services
90,Drugi,Rabier,,Male,Universidad Bernardo O'Higgins,Rau-Robel,Marketing
91,Bancroft,Athey,32-854,Male,Ottawa University,Bernier Group,Product Management
92,Danna,Richardin,,Female,International Islamic University, Islamabad,Bailey, Beahan and Feest,Research and Development
93,Alex,Gladwin,,Female,Osaka University of Foreign Studies,Olson Inc,Research and Development
94,Madlin,Breakey,917541746,Genderqueer,University of Macerata,Gorczany Inc,Support
95,Jordana,Jamson,117101308,Female,Music Academy "Ignacy Jana Paderewski" in Poznan,O'Hara Inc,Services
96,Nerissa,Izon,279493990,Female,Kennesaw State University,Stanton, Zboncak and Schoen,Product Management
97,Germaine,Kneebone,210427766,Male,Midland Lutheran College,Kovacek-Johnston,Accounting
98,Averyl,Tofanelli,170330858,Female,Tsuda College,Hyatt, Weissnat and Kuhlman,Sales
99,Lori,Thorneloe,752847229,Genderqueer,Universidad Catolica de La Santísima Concepción,Thiel, Jakubowski and Koepp,Engineering
100,Phil,De Biasio,19034,Male,Shanghai Sanda University,Schmitt-Bernier,Business Development
101,Konstance,Vitte,772691363,Female,Dominican College of Philosophy and Theology,Walter Group,Accounting
102,Leupold,Deluze,06611,Male,National Metallurgical Academy of Ukraine,Gleichner, Sawayn and Witting,Human Resources
103,Marlie,Shyre,129835644,Female,Gulf Medical University,Waelchi and Sons,Services
104,Hersh,Pearle,983906390,Male,DeVry Institute of Technology, Columbus,Jaskolski LLC,Legal
105,Godard,Brogini,061083579,Male,University of Southern Denmark,Wehner, Mayert and Gislason,Services
106,Reine,Inseal,667904,Female,University of North Carolina at Greensboro,Ratke, Feil and Hills,Research and Development
107,Constantine,Station,,Female,University of Wroclaw,Muller, Smith and Bogisich,Support
108,Karee,Cator,891203757,Female,Makanlal Chutur Vedi University,Rutherford, Windler and Conn,Training
109,Michaela,Crother,444842430,Female,Tri-College University,Quigley, Will and Effertz,Sales
110,Arleyne,Peterffy,141707,Female,Dilla University,Roob and Sons,Services
111,Jeno,Scorrer,038940912,Male,Ludwik Solski State Academy of Theatre in Cracow,Mueller-Jakubowski,Human Resources
112,Rafaellle,Kertess,655560777,Polygender,Ryszard Lazarski University of Commerce and Law in Warsaw,Konopelski, Blanda and Schulist,Product Management
113,Torry,Cottom,48427,Male,Universitas Muhammadiyah Mataram,Effertz-Emard,Human Resources
114,Johnath,Shrieves,397601506,Female,Reinhardt College,Larson, D'Amore and Lehner,Training
115,Lacee,Dalliston,207211910,Female,University Institute of Architecture Venice,Murphy, Padberg and Zulauf,Marketing
116,Gabriel,Cholwell,,Male,King Mongkut's University of Technology Ladkrabang,Bahringer, Bashirian and Blanda,Product Management
117,Doroteya,Eshmade,33701,Polygender,Minsk Institute of Management,Carroll, Rempel and Harris,Services
118,Lorne,Dalmon,900742920,Female,University of Mississippi Medical Center,Spencer-Erdman,Marketing
119,Ora,Barrasse,66-220,Female,Andrews University,Rosenbaum and Sons,Sales
120,Teddie,Lantaff,006748513,Male,Kaduna State University,Balistreri-Lemke,Human Resources
121,Christoper,Mc Elory,278356028,Male,Cag University,Ziemann, Conn and Tillman,Business Development
122,Orazio,Simner,171058700,Male,Izhevsk State Technical University,Schowalter, Bartoletti and Kessler,Marketing
123,Urbano,Iliffe,9209,Male,Georg-Simon-Ohm-Fachhochschule Nürnberg,Grimes-Langworth,Services
124,Timothy,Heaps,852593361,Male,Fachhochschule Osnabrück,King-Herzog,Accounting
125,Robb,Deshorts,572622398,Male,University of Hormozgan,Huels-Baumbach,Research and Development
126,Alvy,Stringman,850122702,Male,Universidad Autónoma de Yucatán,Abbott LLC,Engineering
127,Balduin,Scading,191202421,Male,National Institute of the Arts,Jaskolski-Williamson,Research and Development
128,Layne,Camelia,820725140,Female,Cumberland College,Turner Group,Marketing
129,Fons,Jellico,654832130,Male,Beirut Arab University,Kub-Hilpert,Research and Development
130,Petunia,Calverley,553443248,Female,Pomorsk State University,Schamberger-Barrows,Services
131,Margarette,Heiner,211575726,Female,Baltic International Academy,Emard Group,Business Development
132,Clarence,Harmon,479783211,Male,Schiller International University, Paris,Ziemann-Wolff,Accounting
133,Heather,Dinesen,730756613,Female,Morrison College,Ankunding, Altenwerth and Dare,Accounting
134,Wilbur,Keher,,Male,Southern Wesleyan University,Smith, Jacobs and Hettinger,Legal
135,Candy,Brightling,303848886,Female,Wakkanai Hokusei Gakuen University,Tremblay Inc,Support
136,Gare,Larmuth,KKR,Male,Technical University of Warsaw,Windler-Labadie,Research and Development
137,Quincy,Rohlfing,634015210,Male,Amirkabir College of Managmant & Technology,Wiegand-Schinner,Accounting
138,Maria,Bompass,226641127,Female,University of Economics in Bratislava,Wiegand and Sons,Engineering
139,Daisey,Sirkett,712017407,Female,St. Petersburg State Technological University of Plant Polymers,Schroeder, White and Casper,Marketing
140,Adrian,Bolesma,94115,Male,Purdue University North Central,Maggio, Kuhn and O'Conner,Sales
141,Meier,Barth,674102153,Genderqueer,Ecole Nationale Supérieure d'Electronique et de Radioelectricite de Grenoble,D'Amore, Ratke and Graham,Support
142,Denver,Gouck,359601023,Male,Tribhuvan University Kathmandu,Sanford LLC,Research and Development
143,Helge,Kelberer,,Female,Aarhus Technical College,Bahringer Inc,Engineering
144,Colver,Turton,835012431,Male,Newports Institute of Communication & Economics,Schulist, Bernhard and Hettinger,Research and Development
145,Gwen,Rothery,351602217,Female,Al-Wataniya Private University,Stokes, Romaguera and Mayert,Business Development
146,Tobias,Bakeup,680451400,Male,Baylor College of Medicine,Kutch, Lesch and Jacobson,Human Resources
147,Brennan,Benford,112032017,Male,Insituto Universitario - Centro Latinoamericano de Economia Humana - IU Claeh,Renner, Kuhic and Breitenberg,Human Resources
148,Louis,Olivas,374010070,Male,Dohto University,Rodriguez-Collier,Product Management
149,Ted,Moizer,,Male,Universidad José Cecilio del Valle,Veum-Rogahn,Services
150,Langston,Hablet,,Male,Tashkent Islam University,Goldner-Koch,Legal
151,Rebekah,Bennen,841320002,Bigender,Universitas Kristen Indonesia Tomohon,Blick-Fay,Marketing
152,Cori,Held,907014002,Female,Estonian Academy of Music and Theatre,Olson-Crooks,Business Development
153,Vanessa,Howe,620881173,Female,Jishou University,Emmerich-Becker,Legal
154,Maurizia,Burchnall,,Female,Sana'a University,Johns Inc,Training
155,Arabele,Androlli,278356028,Female,Assiut University,Larkin, Feest and Bergstrom,Research and Development
156,Alaster,Angric,606084511,Male,Bourgas Free University,Kshlerin, Maggio and Klein,Training
157,Bridie,Kleinholz,945668300,Female,Acadia University,Romaguera, Rodriguez and Schiller,Business Development
158,Dulci,Samarth,044121005,Female,Oslo School of Architecture,Mante Inc,Training
159,Trish,Freer,752840596,Female,Mahidol University International College,Balistreri, Runolfsdottir and Kilback,Research and Development
160,Bobbie,Drohun,007269707,Female,Gustavus Adolphus College,Kulas, Krajcik and Shanahan,Human Resources
161,Felike,Matthius,5050-345,Male,Erskine College,Kilback-McClure,Business Development
162,Colly,Boldra,463739487,Female,Katholische Fachhochschule Berlin (KFB),Von and Sons,Engineering
163,Meagan,Wickins,191413020,Female,Singhania University Rajasthan,Weimann-Nolan,Human Resources
164,Brandice,Balloch,950651816,Female,Université de Bamako,Doyle-Kreiger,Services
165,Octavius,Francesconi,309055741,Male,Dominican College of Philosophy and Theology,Rempel, Mann and Schneider,Product Management
166,Onfroi,Synder,670032122,Male,Eötvös Lorand University,Reinger, Rosenbaum and Bashirian,Support
167,Ash,Silkstone,64442,Male,University of Education Hradec Kralove,Hodkiewicz and Sons,Services
168,Orton,Haresnape,427171080,Male,Pedagogical University of Bydgoszcz,Leuschke-Waelchi,Training
169,Brenn,Hannaby,711112385,Female,University of Sydney,Bogisich-Hayes,Marketing
170,Lothario,Himsworth,502012902,Male,Universität Leipzig,Walker, Johnston and Kunde,Support
171,Bili,Worthy,122124890,Female,University of Milan - Bicocca,Langworth, Reilly and Greenholt,Services
172,Cathrin,Migheli,739424438,Female,Irkutsk State University,Larson-Pollich,Sales
173,Vergil,Rabat,939303431,Male,University of the West Indies, Mona,Hills, Koss and Cronin,Marketing
174,Smitty,Stonnell,212155216,Male,Institute for Advanced Studies Lucca,King, Bauch and Bogan,Support
175,Chase,Candy,13660-000,Male,Vermont Law School,Morissette-Kassulke,Research and Development
176,Darrel,Winfindale,620026722,Male,University of Juba,Keebler-Tromp,Services
177,Eberto,Falloon,480333849,Polygender,Akhbar El Yom Academy,Hamill, Olson and Wolf,Research and Development
178,Zonda,Milbank,627047450,Female,Evangelische Fachhochschule Reutlingen-Ludwigsburg, Hochschule für Soziale Arbeit, Religionspädagogik und Diakonie,Glover-Swift,Research and Development
179,Nolie,Escalera,75284,Female,Fachhochschule für Verwaltung und Rechtspflege Berlin,O'Conner-Anderson,Human Resources
180,Tiffanie,Schankelborg,485035902,Polygender,Centro Universitário de Araraquara,Swift LLC,Engineering
181,Emelina,Pitchers,807371121,Female,Universidad de Carabobo,Nitzsche-Legros,Engineering
182,Eddy,Crudgington,,Male,Universidade Federal do Rio Grande do Sul,Kuhlman-Jacobi,Product Management
183,Barbe,Cawcutt,370275064,Female,Tyumen State Agricultural Academy,Monahan, Hackett and Wunsch,Engineering
184,Peria,Philippet,370552080,Bigender,College of New Caledonia,Borer Group,Services
185,Callida,Nielson,96818,Female,University of Agriculture and Veterinary Medicine Bucharest,Connelly, Prosacco and Collins,Human Resources
186,Michaela,Kures,053026435,Female,Fukui Prefectural University,Friesen, Dickinson and Aufderhar,Human Resources
187,Rozelle,Cowing,792012320,Female,Santa Clara University,Breitenberg Inc,Training
188,Dell,Rays,4745-530,Female,Tezpur University,Brakus-Murphy,Marketing
189,Aimil,Levane,875442385,Female,Western State University College of Law,Beatty LLC,Product Management
190,Gannie,Dawber,796041198,Genderfluid,Jawzjan University,Rau, Labadie and Wolff,Support
191,Sabra,Daily,2530-692,Female,The Achievers University,Bernier-Wisozk,Business Development
192,Trever,Chuck,707910887,Male,Gollis University,Block Inc,Research and Development
193,Dyann,Gillespie,380757461,Female,Chinhoyi University of Technology,Hahn-Gibson,Marketing
194,Elsworth,Dallmann,521529,Male,Academia Tehnica Militara,Conn LLC,Legal
195,Martguerita,Kleinschmidt,644821528,Female,The College of Wooster,Kshlerin-D'Amore,Marketing
196,Nicolette,Bremner,061171508,Agender,United Business Institute,Stracke Inc,Business Development
197,Dacie,Agney,592302604,Genderfluid,Tomsk Polytechnic University,Jacobson, Crona and Kautzer,Support
198,Darcee,Habens,331733015,Female,Ho Chi Minh City University of Medicine and Pharmacy,McCullough-Friesen,Business Development
199,Barbara-anne,Colisbe,,Female,Gomel State University Francisk Scarnia,Wehner-Beier,Support
200,Frederique,MacLeod,668390289,Female,Dillard University,Leannon-Barton,Marketing
201,Tiffi,Dillingston,,Female,Kochi Medical School,Kuhic, Keeling and Homenick,Legal
202,Bianca,Pennrington,481181383,Female,Yashawantrao Chavan Maharashtra Open University,Jacobson, Wilkinson and Bartell,Product Management
203,Ronald,Meynell,441171714,Male,Jacobs University Bremen,Altenwerth LLC,Marketing
204,Ferguson,McCoid,973831487,Male,Saga University,Schaden-Gerhold,Engineering
205,Conant,Bichard,982393413,Male,Dneprodzerzhinsk State Technical University,Schmidt LLC,Product Management
206,Cori,Rosson,70769,Female,Ambassador University,Douglas-Larkin,Product Management
207,Riccardo,Garrity,480333849,Male,North China University of Technology,Steuber, Kling and Corwin,Legal
208,Timmi,Kobera,543079070,Female,University of Connecticut,Bahringer LLC,Human Resources
209,Grenville,Done,85010,Male,University of Southern Philippines Foundation,Wunsch, Greenfelder and Marquardt,Support
210,Muffin,McDougald,046191329,Male,University of Management and Technology ,Metz and Sons,Sales
211,Nefen,Fretwell,4615-131,Male,Ecole Nationale Vétérinaire de Lyon,Blanda-Ryan,Support
212,Ricki,Gibberd,750250840,Female,University of the Philippines Diliman,Gorczany, Hansen and Heaney,Accounting
213,Paddy,Kunes,,Male,Universidad del Salvador,Wisoky-Deckow,Accounting
214,Aldridge,Stapylton,510411836,Male,Yonok University,Wilderman-Boyle,Product Management
215,Frederico,Children,158010447,Male,Kanda University of International Studies,Little, Kozey and Walter,Accounting
216,Jillane,Mulkerrins,89759,Female,Mary Baldwin College,Connelly Group,Product Management
217,Wiatt,Craythorne,9023,Male,Agricultural University of Poznan,Kub, Jast and Treutel,Research and Development
218,Guenna,Cumbes,333093750,Female,Islamia University of Bahawalpur,Balistreri-Torp,Marketing
219,Aloin,Mattes,088162511,Male,Bethel College Newton,Bahringer-Mann,Sales
220,Audrey,Brunning,82160,Female,Punjab Engineering College Deemed University,Witting-Witting,Accounting
221,Gaynor,Watkiss,296154831,Female,Universidad de Gerona,Olson, Roberts and Bartoletti,Support
222,Melisande,Rive,02104 CEDEX,Female,Universidad Pedagógica Nacional, Unidad León,Berge, Stark and Veum,Product Management
223,Deirdre,Archdeckne,191013703,Female,Merz Akademie, Hochschule für Gestaltung Stuttgart,Reilly LLC,Product Management
224,Sandi,Codman,413 26,Female,Faryab Higher Education Institute,Pollich-Willms,Sales
225,Evaleen,Wiffen,427171080,Female,EVTEK University of Applied Sciences,Barton, Bogisich and Medhurst,Legal
226,Jerome,Drogan,550631913,Male,Kobe City University of ForeignStudies,Mertz LLC,Sales
227,Thatch,Aikman,380635577,Polygender,Mogilev State University A.A. Kuleshov,Crist, Kilback and Durgan,Marketing
228,Alexis,Zorzini,611082381,Female,Kobe Shinwa Women's University,Hammes-Goldner,Business Development
229,Rocky,Giacomoni,750243532,Male,Universitas Mahasaraswati Denpasar,Mueller and Sons,Marketing
230,Alex,Carolan,,Female,Briar Cliff College,Quitzon-Will,Legal
231,Tann,Faill,317941695,Male,Yanbian University of Science and Technology,Schaefer LLC,Human Resources
232,Christie,Camous,104672401,Male,New England School of Law,Treutel Group,Business Development
233,Hanny,Youll,662111922,Female,University of California, Merced,Schimmel, O'Hara and Towne,Product Management
234,Giff,Duplan,667432000,Male,Universitas Islam Syekh-Yusuf ,Effertz, Bergnaum and Lakin,Sales
235,Aksel,Kenan,4207,Agender,Hitotsubashi University,Cassin-Kerluke,Services
236,Curtice,Murphy,754014101,Male,Geneva College,Reilly-Hettinger,Engineering
237,Leontine,Gerdes,325781045,Female,Buddhasravaka Bhikshu University,Block-Reinger,Services
238,Dione,Lauxmann,693362563,Female,Universidad Autónoma Metropolitana - Xochimilco,Hessel-Morar,Support
239,Weston,Brunotti,13253 CEDEX 06,Male,University of Minnesota - Morris,Von, Bosco and Murray,Product Management
240,Irita,Bent,,Female,Tyumen State University,Greenholt, Ziemann and Ward,Marketing
241,Chicky,Nisbith,461312140,Male,Morris Brown College,Graham Group,Sales
242,Derrick,Reavell,,Male,Chonbuk Sanup University of Technology (Howon University),Little, Schinner and Rice,Sales
243,Misti,Dearness,,Genderqueer,Technological Education Institute of Halkida, Euboea,Shanahan LLC,Support
244,Mikey,Fawcus,,Genderfluid,European Business School Schloß Reichartshausen,Hartmann Inc,Research and Development
245,Sheridan,Wayper,2530-407,Male,Universität Lüneburg,Pollich, Dach and Kunze,Support
246,Corena,Daniells,496847475,Female,Botswana College of Agriculture,D'Amore Group,Training
247,Kimmi,Dalrymple,475471028,Female,Hollins University,Schaden-Douglas,Services
248,Brian,Hele,91965 CEDEX,Male,Dohto University,Windler-Little,Sales
249,Ninette,Sambedge,612720,Female,Hormozgan University of Medical Sciences,Hyatt, Lockman and Lynch,Services
250,Esta,Golt,790650000,Female,International Hellenic University,Towne Group,Services
251,Kristo,Georgi,,Male,Central South University,Hauck-Corkery,Services
252,Sloan,Dulwich,776651997,Male,Pak-AIMS (American Institute of Management Sciences),Gerhold and Sons,Engineering
253,Edin,Frotton,984150299,Female,Hanoi University of Science,Muller, Crist and Lang,Marketing
254,Eberto,Lievesley,394283894,Male,Ateneo de Naga University,Gorczany-Ernser,Services
255,Cristal,Gradwell,3220,Female,George Washington University,Olson-Gorczany,Legal
256,Ker,Ivanets,158011440,Male,Seigakuin University,Schmidt, Spinka and Schroeder,Product Management
257,Rollie,Gannicleff,469921914,Male,Indiana University-Purdue University at Columbus,Lebsack and Sons,Training
258,Darcy,Cuddehy,,Female,Academy of Art College,Stoltenberg Group,Training
259,Saleem,Covington,,Male,University of Marketing and Distribution Sciences,Prohaska and Sons,Support
260,Clark,Tanman,993620197,Male,Rasmussen College, Wisconsin Campuses,Gerlach LLC,Sales
261,Bernhard,Lebond,370274536,Male,University of Nebraska - Kearney,Powlowski, Romaguera and Thompson,Support
262,Rhys,Scamp,387014719,Male,West Pomeranian Business School in Szczecin,Bruen and Sons,Legal
263,Lisetta,Upsale,913642573,Female,Arthur D. Little Management Education Institute,Shields-Little,Services
264,Stanislas,O'Moylane,795460491,Male,Deaconess College of Nursing,Heathcote Inc,Legal
265,Latrina,Gillum,452632927,Female,University of Botswana,Mayert-Jakubowski,Product Management
266,Amble,Tasseler,286212447,Male,Kyushu Sangyo University,Conn, Effertz and Kassulke,Support
267,Elmore,Malatalant,48267,Male,Karpagam University,Cassin and Sons,Training
268,Edvard,Placidi,191826594,Male,Gifu University,Auer Group,Support
269,Lewie,Eldershaw,718018124,Male,Universität Regensburg,Hickle and Sons,Human Resources
270,Genvieve,Ruffle,933064018,Female,Technological University (Sittwe),Champlin-Mills,Product Management
271,Haslett,Hulett,331353904,Male,Sahmyook University,Kreiger-Trantow,Training
272,Jose,Stafford,,Male,Hood College,Steuber Group,Support
273,Phillip,Dissman,104631937,Male,Donetsk National Technical University,Breitenberg-Dicki,Engineering
274,Hedvige,Oolahan,770577353,Female,Kursk State University,Toy-Hoppe,Support
275,Lurette,Chown,,Female,DeVry Institute of Technology, Kansas City,Leffler, Hills and Dietrich,Human Resources
276,Coop,McCrann,544495703,Male,Northern Kentucky University,Swift Group,Product Management
277,Farris,Malim,170330854,Male,Gulu University,Halvorson-Mueller,Sales
278,Trista,Loache,717110797,Female,University of Wisconsin - Madison,Reinger-Rosenbaum,Research and Development
279,Burk,Smittoune,191400096,Male,Heriot-Watt University,Schmidt LLC,Services
280,Waverly,Ferrar,,Male,Sendai University,Howe, Stiedemann and Klocko,Marketing
281,Dniren,Langeren,331854067,Female,Texas A&M University,Bahringer, Beer and Torp,Accounting
282,Cati,Miles,,Bigender,Rutgers, The State University of New Jersey - Newark,Kirlin-Dickinson,Training
283,Patience,Cornils,497831822,Female,Miyagi University of Education,Dare, Graham and Hand,Product Management
284,Quill,Laugharne,656163725,Male,George Wythe College,Pacocha, Luettgen and Parker,Training
285,Timmi,Shoosmith,313134000,Female,Shippensburg University of Pennsylvania,Davis-Cremin,Human Resources
286,Benny,Gosforth,,Male,Universiti Putra Malaysia,Ankunding, Runolfsdottir and Denesik,Legal
287,Alfons,Shilito,282601743,Male,The College of Wooster,Mayer, Harris and Balistreri,Accounting
288,Gigi,Billingsley,,Polygender,Kardan University,Schinner-Kihn,Support
289,Susann,Sone,749552811,Female,Debre Markos University,Blanda, Donnelly and Upton,Marketing
290,Kimmi,Riggoll,837061338,Female,Alice Lloyd College,Larkin, Beatty and Fadel,Services
291,Jeremy,Arenson,752525618,Male,Universidad de Pinar del Río,Ryan-Schuster,Legal
292,Noland,Calbaithe,485035902,Male,California State University, Stanislaus,Cormier LLC,Training
293,Olenka,Gillyett,282600164,Female,Emmaus Bible College,Emmerich-Lynch,Sales
294,Paulette,Marklin,31901,Female,Neumann College,Pacocha-Kessler,Research and Development
295,Andreana,Boud,,Female,University of Wales Institute, Cardiff,Beatty Group,Sales
296,Dallis,Yeatman,928684203,Male,San Juan Bautista School of Medicine,Hand-Dietrich,Marketing
297,Benton,Canfield,20148,Male,Technical University in Zvolen,Tromp Group,Legal
298,Tess,Guilloux,381202177,Female,Institute of Business Administration Sukkur,Langosh-Klocko,Legal
299,Boone,Shercliff,901993,Male,New Jersey City University,Mitchell-Bergstrom,Marketing
300,Deana,Rudram,705051193,Female,Qom University,Huels, Walker and Emmerich,Product Management
301,Harli,Furniss,017424159,Female,Universidad San Sebastian,Blanda-Grady,Product Management
302,Gabriela,Hydes,304390597,Female,University of Perugia,Bauch, Kuhn and Kuhlman,Services
303,Alic,Kelson,282751177,Male,University of Tehran,Padberg, Ratke and Rippin,Marketing
304,Maighdiln,Guilliland,147601513,Female,Universität Vienna,Stanton-McKenzie,Research and Development
305,Alie,Eberz,4707,Female,Fukushima University,Fritsch-Kub,Sales
306,Katya,Clemitt,324461917,Female,Mid-American Bible College,Funk-Doyle,Support
307,Hubert,Drew-Clifton,462401470,Male,John Brown University,Turner, Boyle and Pagac,Marketing
308,Fawnia,Nijssen,862069,Female,EMESCAM - Escola Superior de Ciências da Santa Casa de Misericórdia de Vitória,Mayer, Mitchell and Hyatt,Sales
309,Clarance,Dodding,163652111,Male,Poltava National Technical University,Sauer-Feest,Engineering
310,Anneliese,Binnion,331551449,Female,Universidad Nacional del Centro de la Provincia de Buenos Aires,Turner Inc,Business Development
311,Hamid,Bleiman,461684498,Bigender,Yazd Medical University,Huels, Shanahan and Langosh,Product Management
312,Dorthy,Befroy,774693246,Female,Universidade da Madeira,Jenkins Group,Sales
313,Susi,Docharty,331556752,Female,University of Modena,Kunde-Yundt,Support
314,Rania,Coskerry,923542804,Female,Rockhurst College,Yost-Klein,Business Development
315,Hastings,Stanluck,,Male,Tottori University of Environmental Studies,Jerde Inc,Marketing
316,Madel,Eastope,3439,Female,University of Bihac,Shanahan, Oberbrunner and Kunde,Research and Development
317,Bern,Owttrim,7020,Male,Phillips-Universität Marburg,Dach-Kreiger,Support
318,Arvy,Mungan,336134613,Male,Norwegian State Academy of Music,Price Group,Human Resources
319,Dannie,Breffit,117011345,Male,Wadi International University,Dibbert Inc,Support
320,Kristofer,Wyant,356423,Male,Beder University,Collier, Sanford and Kling,Business Development
321,Hadlee,Sporgeon,334267941,Male,Southwestern Baptist Theological Seminary,Erdman Group,Legal
322,Mikael,Olyfant,802203808,Male,Universitas Pattimura,Wilkinson Group,Support
323,Seamus,Galloway,199581462,Bigender,FON University,Armstrong Group,Engineering
324,Ilene,Kadwallider,494247264,Female,Ecole Nationale Supérieure d'Electrochimie et d'Electrométallurgie de Gernoble,Senger, Oberbrunner and Price,Human Resources
325,Ewen,Brookwell,,Male,University Goce Delcev,Tromp-Crona,Services
326,Karly,Larenson,4730-040,Female,Limkokwing University College of Creative Technology,Padberg-King,Legal
327,Angy,Longley,836722202,Female,Gorgan University of Agricultural Sciences and Natural Resources,Walker-Collins,Business Development
328,Nathalie,Bruffell,871081443,Female,Bircham International University,Will-Homenick,Services
329,Ben,Rosewall,136171450,Male,Bilkent University,Schowalter-Legros,Marketing
330,Sim,Delafont,65571,Male,American Conservatory of Music,Johns Inc,Engineering
331,Marice,Divisek,,Female,Monterey Institute of International Studies,Renner-Mertz,Research and Development
332,Chaunce,Sackler,983623909,Male,Universidad Internacional del Ecuador,Rau Inc,Legal
333,Cindi,Martynov,627047450,Female,Universiti Malaysia Kelantan,Hane, Waelchi and Weimann,Business Development
334,Hoebart,Muldownie,271035614,Male,Northern University Bangladesh,Yundt and Sons,Training
335,Alane,Flooks,,Female,Adygeja State University,Feil-Stehr,Engineering
336,Danya,Bradane,10436,Male,Sadjad Institute of Technology,Cruickshank-Herzog,Sales
337,Mahmud,Lackey,816508510,Male,The College of The Bahamas,Conn-Crooks,Human Resources
338,Valli,Yitzhakov,336154715,Female,Université Claude Bernard (Lyon I),Crona, Cummings and Kuphal,Product Management
339,Tabina,Malec,657751100,Female,Wah Medical College,Mayer-Wisoky,Product Management
340,Cob,Rammell,,Male,University of Grigol Robakidze,Jaskolski Inc,Training
341,Ignace,Callander,152202759,Non-binary,Jinan University,Swift LLC,Human Resources
342,Francesco,Pedican,208741186,Male,Agricultural University of Plovdiv,Grimes, Herman and Beer,Services
343,Lisette,Adamik,187600,Female,Belmont University,Dicki, Weissnat and Bayer,Marketing
344,Damara,Vasyuchov,,Female,National Hispanic University,Zboncak Group,Services
345,Dewain,Tunesi,,Male,National Tainan Teachers College,Mann Group,Human Resources
346,Hollie,Sings,303743070,Female,Johnson Bible College,Haag-Blick,Product Management
347,Eddy,Hartley,024466773,Male,Al-Imam Mohamed Ibn Saud Islamic University,Lehner-Bayer,Product Management
348,Elaina,Turban,802181235,Female,Dawood College of Engineering and Technology,Emmerich Group,Accounting
349,Lacy,Eilhart,606860001,Female,East Delta University,DuBuque, Lowe and Schroeder,Engineering
350,Maryellen,Cattrall,461238361,Genderfluid,Ecole Centrale d'Electronique - ECE,Mayer Inc,Training
351,Rex,Staner,190073101,Male,Ecole Polytechnique Marseille,Roberts-Altenwerth,Training
352,Darcie,Puckinghorne,328919424,Female,Sri Lanka Institute of Advanced Technical Education,Carroll, Kutch and Jacobi,Human Resources
353,Edy,Doberer,331733032,Female,Walailak University,Bechtelar, Hermann and Doyle,Support
354,Consalve,Saffer,,Male,Bukkyo University,Goodwin, Hauck and Fay,Training
355,Wat,Gentil,757011950,Male,The Kingdom University,Howell and Sons,Services
356,Jerad,Dowdeswell,770354563,Male,Universidad de Concepcion,Boyer, Prohaska and Heller,Engineering
357,Sibella,Shorto,263541184,Female,Mount Holyoke College,Lakin, Hahn and Adams,Legal
358,Giana,Conry,09124,Female,Lebanon Valley College,Strosin-Larkin,Human Resources
359,Shanta,Vasilevich,488431002,Genderqueer,Berklee College of Music,Witting, Hermann and Stehr,Human Resources
360,Langston,Hentze,,Male,Instituto Politécnico de Portalegre,Mayert LLC,Accounting
361,Stanislaw,Boykett,198053165,Male,University of Kalyani,Cartwright, Streich and Gusikowski,Support
362,Rodrique,Voice,,Male,Kyoto Bunkyo University,Bauch-Connelly,Accounting
363,Kikelia,Hares,187412,Female,Universität der Bundeswehr Hamburg,Bayer-Schroeder,Engineering
364,Uriel,Geffinger,422235318,Male,Weill Medical College of Cornell University,Spinka, Moen and Hessel,Marketing
365,Inez,Peasgood,020623487,Female,Almustafa Open University,Reinger-Runolfsdottir,Support
366,Meridel,O'Daly,505741028,Female,Gaziosmanpasa University,Dooley LLC,Sales
367,Junie,Swaton,179013625,Female,University of New England, Westbrook College Campus,Bogisich, Cruickshank and Gusikowski,Engineering
368,Brody,Loud,482670001,Male,Karlshochschule International University,Lueilwitz and Sons,Services
369,Barton,Jurkiewicz,828014221,Male,Universitas Negeri Semarang,Schaefer-Skiles,Human Resources
370,Bartholomew,De Blasi,463110800,Male,University of Nottingham,Harris, Reichel and O'Hara,Product Management
371,Rozelle,Caddy,514427584,Female,Universidad Simón Bolivar,McKenzie and Sons,Support
372,Marta,Poulsen,647241609,Female,Johns Hopkins University,Willms LLC,Training
373,Mace,Jeandin,007391650,Male,Southern Methodist University,Hilll-Lebsack,Engineering
374,Toby,Grouen,495064810,Female,China Three Gorges University,Little, Wilderman and Gottlieb,Legal
375,Chane,Meggison,972920800,Male,Crimea State Medical University,Homenick, Gerhold and Aufderhar,Training
376,Pamelina,Joinson,,Female,Dongseo University,Hansen-Schuppe,Marketing
377,Salome,Garfath,067906679,Female,Doshisha Women's College of Liberal Arts,Klocko Inc,Accounting
378,Fernanda,Ivanishin,306062797,Agender,National Defense University,Parker-Pollich,Services
379,Cirstoforo,Le Pine,5285,Male,Kuban State University of Agriculture,Purdy-Tremblay,Product Management
380,Honey,Gilliland,021181951,Female,Fujian Medical University,Kulas-Padberg,Sales
381,Fifi,Ferroni,795537813,Female,University of Science and Technology Sana'a,Paucek-Spinka,Legal
382,Elmo,Stellino,,Male,Universitas Syiah Kuala,Medhurst-Cronin,Sales
383,Kayle,Pargiter,763 62,Female,Allama Iqbal Open University,Corwin LLC,Research and Development
384,Karna,Izakovitz,751543833,Female,Notre Dame Women's College,Koelpin, Dooley and Dare,Research and Development
385,Franciska,Grinsted,639013930,Female,Ferris University,Abshire-Hoppe,Services
386,Chiarra,Veitch,927085409,Female,Salem College,Pouros-Lesch,Support
387,Bo,Carlon,3832,Agender,University of Tennessee Space Institute,Skiles-Harris,Sales
388,Willy,Newart,439522364,Female,Kwansei Gakuin University,Blanda Group,Support
389,Haydon,Herrema,44106,Male,Afghan University,Weber LLC,Business Development
390,Juliane,Pryer,253142010,Female,Hawassa University,Kshlerin Inc,Training
391,Chuck,Lamas,253091311,Male,Obirin University,Jast LLC,Marketing
392,Darby,Vanyakin,706483187,Male,Northern Kentucky University,Rempel, Feeney and Crona,Accounting
393,Homere,Ackery,926633526,Male,National Academy for Physical Education and Sports Bucharest,Flatley Group,Services
394,Angelle,Vanlint,978500460,Female,Barry University,Kiehn and Sons,Support
395,Susanne,Deevey,296072101,Female,Sharif University of Technology, Kish Campus,Schaefer, Reynolds and Champlin,Services
396,Darwin,Grayston,780285329,Male,Miami University of Ohio,Halvorson-Crooks,Product Management
397,Tani,Bernhardsson,026015133,Female,Charles R. Drew University of Medicine and Science,Raynor, Casper and Miller,Human Resources
398,Cullin,Mollnar,731125300,Male,Yeditepe University,Rolfson, Orn and Glover,Product Management
399,Maxine,Moulder,,Female,Eastern University of Sri Lanka,Kerluke-Buckridge,Sales
400,Sharity,Clemas,706055900,Female,Carnegie Mellon University,Yundt, Parisian and Stoltenberg,Services
401,Nissie,Markushkin,331801204,Female,Sophia University,Deckow LLC,Sales
402,Isaiah,Cinavas,427314,Male,Earlham College,Cronin-Kutch,Engineering
403,Averil,Belz,599377849,Female,Harare Institute of Technology,Schneider, Marks and Bergstrom,Business Development
404,Brina,Winter,606770001,Polygender,Georgia College & State University,Yost LLC,Research and Development
405,Fanchon,Buffy,241122937,Bigender,University of Economics Prague,Dibbert LLC,Legal
406,Becca,Conaghy,675472329,Female,Tokyo Medical College,Legros-Streich,Human Resources
407,Tymothy,Worsom,394520607,Male,International University of Business Agriculture and Technology,Rolfson, Raynor and Pfannerstill,Support
408,Francesca,Stidworthy,98880,Female,University of Agriculture and Veterinary Medicine Iasi,Franecki, Rowe and Robel,Training
409,Aubrie,Hacon,730704006,Genderqueer,Osaka City University,Nikolaus-Graham,Legal
410,Vite,Duigenan,770561791,Genderfluid,St. John's College Maryland,Smith LLC,Accounting
411,Pavlov,Wolfendell,81505,Male,Fachhochschule Kiel,Hayes, Prosacco and Brekke,Engineering
412,Dreddy,Giblin,,Female,Savannah College of Art and Design,DuBuque, Crooks and Witting,Services
413,Calli,Bloy,6507,Female,Nairobi Institute of Business Studies ,Gulgowski, Bernier and Kozey,Training
414,Marlow,Roderick,44-290,Male,Universidad Autónoma de Querétaro,Hamill-Mertz,Human Resources
415,Kyle,Spyer,331756302,Female,University of Bialystok,Kertzmann, Huels and Hessel,Business Development
416,Prentiss,Buttfield,,Male,Private FernFachhochschule Darmstadt,Wilkinson-Mertz,Product Management
417,Aeriel,Smallshaw,291161245,Female,University of Illinois at Chicago,Turner and Sons,Training
418,Elfrida,Haskins,,Female,Westminster International University in Tashkent,Torp-Predovic,Business Development
419,Bryce,Maddison,,Male,Universidad Agroforestal Fernando A.Meriño,Denesik Group,Marketing
420,Alexi,Struthers,472502002,Female,PTPL College,Tremblay and Sons,Human Resources
421,Sukey,Johnsson,33233,Female,Bamiyan University,Rolfson, Ritchie and Parker,Engineering
422,Nikola,McIlriach,221935161,Male,Universität Innsbruck,Lemke, Aufderhar and Crona,Marketing
423,Damiano,Rossi,103121807,Male,St. Olaf College,Beier-Moen,Engineering
424,Marga,Rosenauer,334322754,Female,Hokkaido Tokai University,Effertz, Sawayn and Kassulke,Human Resources
425,Bondy,Flemming,935553130,Male,Ecole Supérieure des Sciences et Technologie de l'Ingénieur de Nancy,Sawayn, Willms and Stracke,Accounting
426,Johannes,Russon,490093016,Male,Universidad Adventista de Bolivia,Hettinger-Klein,Training
427,Ashlen,Thickett,786548602,Female,Sultan Azlan Shah Polytechnic ,Braun, Connelly and Okuneva,Marketing
428,Luella,Gwinnell,,Female,Schiller International University, Madrid,Casper Inc,Research and Development
429,Wes,Jandel,200102916,Male,Wenzhou Medical College,Feil, Roberts and Collins,Support
430,Chauncey,Wabe,604641948,Male,Abant Izzet Baysal University,Hyatt-Denesik,Product Management
431,Waneta,Bodycote,,Female,Golestan University of Medical Sciences,McClure LLC,Marketing
432,Ashbey,Shambroke,99362,Male,Lincoln University San Francisco,Hirthe Group,Services
433,Terri,Turnbull,,Male,Universidad José Cecilio del Valle,Denesik, Altenwerth and Labadie,Business Development
434,Karmen,Braithwaite,,Female,Notre Dame University,Schmeler and Sons,Support
435,Flem,Oultram,641803929,Male,American World University,Balistreri, Maggio and Corkery,Human Resources
436,Jody,Lotwich,800457106,Genderqueer,Anhui Technical College of Water Resources and Hydroelectric Power,Brown Group,Services
437,Amye,Stemson,467061023,Female,University of Guyana,Crona, Lockman and Hand,Legal
438,Trudey,Imbrey,731399231,Female,University of Seychelles - American Institute of Medicine,Hoeger Inc,Legal
439,Celestina,Tolputt,303847723,Genderfluid,Moore College of Art and Design,Schaefer, Bechtelar and Hessel,Engineering
440,Meggy,Brager,329583230,Female,Centre Universitaire de Technologie,Jakubowski LLC,Support
441,Jacquie,McAirt,219216395,Female,Katholische Fachhochschule Nordrhein-Westfalen,Bergstrom-Thompson,Product Management
442,Lani,Raybould,21204,Female,Ibn Sina National College for Medical Studies ,Lang, Kerluke and Wisoky,Accounting
443,Derwin,Frain,33166,Male,University of Texas at Dallas,Jenkins-Sporer,Services
444,Bucky,Woosnam,372156154,Male,Beijing University of Posts and Telecommunications,Senger, Gutkowski and Auer,Support
445,Teddi,Greenhow,581072168,Female,Al-Aqsa University,Cummings-Wunsch,Support
446,Dynah,Luna,260036379,Female,École Nationale Supérieure d'Ingénieurs de Constructions Aéronautiques,Tremblay and Sons,Sales
447,Tripp,Broadfoot,67950,Genderqueer,Universität Trier,Carter-Sawayn,Research and Development
448,Celinda,Clemmow,49700-000,Female,Hartford College for Women,Legros, Murray and Kertzmann,Product Management
449,Vale,Lockley,982744126,Female,Universidad Nacional Mayor de San Marcos,Schneider-Schmeler,Accounting
450,Delainey,O'Halligan,922703221,Male,Shanghai Medical University,Pfeffer-Lang,Support
451,Gertrudis,Gingell,346893790,Female,Ecole Polytechnique Marseille,Williamson and Sons,Business Development
452,Lona,MacGillavery,543052487,Female,Fundación Universitaria del Area Andina. Sede Pereira,Littel-Rogahn,Legal
453,Lyndsey,Ladell,756623518,Female,Ohio State University - Lima,Hauck, Goodwin and Steuber,Human Resources
454,Cherey,McHugh,,Polygender,Universidad Autónoma Juan Misael Saracho,Pfeffer LLC,Training
455,Polly,Stanistrete,136691142,Bigender,Ecole Supérieure d'Ingénieurs et de Techniciens pour l'Agriculture,Aufderhar-Kuhlman,Research and Development
456,Prissie,Becarra,469471528,Female,Isra University,Gislason-Waelchi,Business Development
457,Darryl,Carrel,908074422,Male,Universidad Fidélitas,Rempel, Stracke and Frami,Services
458,Corabel,Deeves,963501200,Female,Mustafa International University,Luettgen, Abernathy and Zboncak,Business Development
459,Emmalynn,Oxby,370274536,Non-binary,Fasa Faculty of Medical Sciences,Schuppe, Durgan and Buckridge,Accounting
460,Thia,Downe,779574045,Female,Akrofi-Christaller Institute of Theeology, Mission and  Culture,Cartwright Inc,Engineering
461,Melva,Guymer,750927069,Non-binary,La Trobe University,Mann, Bayer and Auer,Accounting
462,Marika,Buscher,532788866,Genderfluid,St. Petersburg State University of Economics and Finance,Sanford Inc,Marketing
463,Margarette,Toal,765445060,Female,Faculté Polytechnique de Mons,Hauck, Yost and Mayer,Sales
464,Rebeka,Cairney,941183101,Bigender,Universidad de La Salle,Hammes and Sons,Marketing
465,Obediah,Caldicott,952103339,Male,Franklin College,Cartwright and Sons,Human Resources
466,Stefania,Skaid,716390887,Female,St. Petersburg State University of Engineering and Economics,Dickens-Stanton,Human Resources
467,Archibold,Cassells,021385502,Male,Institut Commercial de Nancy,Prosacco-Konopelski,Legal
468,Gardie,Ardern,900741515,Male,Academy of Economic Studies of Moldova,Tremblay-Skiles,Services
469,Kinnie,Polglaze,,Male,Bila Cerkva State Agrarian University,Fisher LLC,Product Management
470,Denna,Deakins,194645008,Female,Hochschule für Gestaltung und Kunst Zürich,Kiehn, Krajcik and Wolff,Training
471,Mead,Shilladay,92885 CEDEX 9,Male,Instituto Superior de Gestão - ISG,Schaden LLC,Accounting
472,Mohandis,Bachura,773395222,Male,Tianjin Normal University,Adams, Frami and Walter,Legal
473,Leila,Lilywhite,112172208,Female,Osaka University of Economics & Law,Jones-Dare,Business Development
474,Brandais,Neilly,750102201,Female,Mehran University of Engineering & Technology,Weissnat, Lemke and Shields,Business Development
475,Cecilia,Kightly,91501,Female,Al Nahrain University,Brekke, Little and Lang,Services
476,Red,Washington,667627587,Male,Arabian Gulf University,Waelchi, Little and Funk,Services
477,Selig,Thorowgood,631500001,Male,Kunitachi College of Music,Nitzsche and Sons,Business Development
478,Ida,Klimowicz,514422210,Female,Herzen State Pedagogical University of Russia,Bartell, Hermann and Franecki,Services
479,Cooper,Anthiftle,331695710,Male,Ho Chi Minh City University of Pedagogics,Daniel, Glover and Cassin,Services
480,Shirl,Tace,544567218,Non-binary,Greenheart Medical School,Halvorson-Lowe,Engineering
481,Aylmar,Sprowell,60616,Male,Caucasus University,Little-Bradtke,Human Resources
482,Golda,Olifard,794155346,Female,Chinese People's Public Security University,Hahn Inc,Training
483,Mortie,Alvarado,442541031,Male,Catholic University of Pusan,Ledner-Beer,Accounting
484,Yettie,Grimsley,4580-313,Female,Pace University  Pleasantville/Briarcliff,Pacocha, Kemmer and Towne,Services
485,Caren,Barton,750576011,Female,Technological Education Institute of Mesologgi,Jerde-Johns,Business Development
486,Cristine,Smithe,019071335,Female,Al-Aqsa University,Dicki, Runolfsdottir and Orn,Training
487,Alfred,Adanet,188346603,Male,Academy of Arts,Stamm LLC,Product Management
488,Stacy,Wellfare,,Male,Universität Duisburg-Essen,Doyle-Romaguera,Support
489,Olive,Malloch,900740152,Female,Niigata Sangyo University,Yost, Monahan and Zieme,Research and Development
490,Aindrea,Lenden,296200887,Female,St. John Fisher College,Corwin, Prohaska and Bradtke,Support
491,Austin,Bucknall,802044507,Male,Universidad de Ciego de Avila,Hansen, Mueller and Farrell,Accounting
492,Gage,Vaney,238590,Male,Universidad México Internacional,Jenkins, Haag and Brakus,Product Management
493,Edgardo,Fowlston,330155109,Male,Rajasthan Technical University,Pfannerstill-Purdy,Accounting
494,Leelah,Ochiltree,158011440,Female,Northwest University,Howe, Rempel and Mayer,Research and Development
495,Minta,Chamberlain,021111526,Female,Technological University of the Philippines,Farrell-Fisher,Training
496,Birdie,Rennocks,080024202,Female,Pädagogische Hochschule Weingarten,Gutkowski and Sons,Human Resources
497,Laurice,Kunzler,,Female,Universidade Federal de São Paulo,Douglas-Borer,Training
498,Nealy,Wormstone,750281892,Polygender,DeVry Institute of Technology, Columbus,Monahan LLC,Research and Development
499,Beale,Graalman,982231642,Male,University of Nebraska - Kearney,Gutmann-Schimmel,Engineering
500,Avram,Glencrash,342374302,Male,Universitas Negeri Jakarta,Medhurst Inc,Support
501,Cherianne,Hillhouse,331725933,Female,Fachhochschulstudiengänge der Wiener Wirtschaft,Paucek, Gerhold and Anderson,Training
502,Judi,Ranscomb,461684300,Female,Mississippi College,Balistreri Group,Services
503,Meriel,Gigg,4620-526,Female,Universidad Nacional de General San Martín,Murazik Inc,Support
504,Mommy,Cake,86-122,Female,Universidade Regional Integrada do Alto Uruguai e das Missões,Davis, Runte and Will,Training
505,Dexter,Caban,,Male,Governors State University,Predovic LLC,Training
506,Veriee,Haps,331772785,Female,Universidad Nacional,Stamm-Reichert,Sales
507,Demeter,Biddleston,180172344,Female,Kookmin University,Krajcik Group,Engineering
508,Enid,Carling,,Polygender,Universidade São Marcos,Waelchi-Brown,Support
509,Carolin,Corneil,468955600,Female,Polytechnic Institute of Turin,Davis, Effertz and Kovacek,Marketing
510,Grantley,Blackden,,Male,Lyceum of the Philippines University,Grant-Koepp,Business Development
511,Nicoline,Bresman,58928-000,Female,Universidad ICESI,Wehner Group,Accounting
512,Fabe,Yuill,054011473,Male,Universitas Pasundan,Zulauf-Toy,Training
513,Ashleigh,Freezor,726532953,Female,Universidad Nacional Autónoma de Honduras,Mante Group,Services
514,Madeline,Lishman,489151925,Female,Goucher College,Considine Inc,Product Management
515,Elfie,Nicholson,662111922,Female,University of World Economy and Diplomacy,Dibbert-Leannon,Accounting
516,Nat,Franciskiewicz,606860081,Male,The Curtis Institute of Music,Greenholt-Swift,Services
517,Shell,Bigmore,978013217,Male,Spertus Institute of Jewish Studies,Cremin-Keeling,Training
518,Jeniffer,Shepherdson,180782574,Female,Institute of Teachers Education, Ilmu Khas,Greenholt, Erdman and O'Hara,Sales
519,Tibold,Argile,232271149,Male,Inner Mongolia Agricultural University,Keeling, Rutherford and Casper,Product Management
520,Murielle,O' Mara,585400039,Female,Xavier University,Bartell-Yost,Business Development
521,Paulo,Egdal,795560690,Male,Missouri Valley College,Cassin-Bode,Training
522,Valeria,Steinham,76598,Female,Brussels School of International Studies,Kozey LLC,Sales
523,Angeline,Daynter,441225203,Female,Universidade Federal de Sergipe,Bogan, Gottlieb and Murazik,Training
524,Timmie,Trask,,Male,Ecole Nationale Supérieure de Biologie Appliquée à la Nutrition et à l'Alementation,Heaney LLC,Marketing
525,Dilan,Foulcher,009265955,Male,Universitas Muhammadiyah Mataram,Breitenberg and Sons,Business Development
526,Lorant,Cartledge,716540351,Male,Laurus Technical Institute,Monahan, Maggio and Keebler,Legal
527,Gay,Dightham,,Female,Nipissing University,Moore, Ledner and MacGyver,Services
528,Berty,Craigg,J2K,Male,University of Derby,Nitzsche-Schoen,Business Development
529,Marven,Donativo,282890860,Male,Universidad Notarial Argentina,Skiles, Satterfield and Collins,Services
530,Paola,Burnup,725 96,Female,University of Wales Institute, Cardiff,Waelchi-Bradtke,Product Management
531,Armando,Jannex,601488897,Male,Polytechnic of Namibia,Kuhlman-Bahringer,Services
532,Lukas,Kemery,34114,Male,University of Sarajevo,Bartoletti-Effertz,Training
533,Hendrika,Leavesley,474015454,Female,St. Elizabeth’s College of Health and Social Sciences in Bratislava,Murray, Schaefer and Murray,Sales
534,Latisha,Ingham,792011030,Female,University of New Haven,Marquardt-Herzog,Training
535,Merissa,Fleischer,903042514,Female,Bloomfield College,Treutel Group,Sales
536,Sidonia,Peckham,525569572,Female,Hochschule Esslingen,Parker, Dibbert and Jakubowski,Legal
537,Ediva,Chaudron,802203808,Female,City University of New York, Queens College,Stroman-Nader,Legal
538,Coralyn,Pessler,212231558,Female,University of the Philippines Visayas - Cebu High School,Corkery, Reinger and Corwin,Human Resources
539,Christian,Lickess,941450680,Female,Technical University of Crete,McClure-Satterfield,Training
540,Juana,Sabban,300678237,Female,Iranian Academy of Persian Language and Literature,Stracke and Sons,Sales
541,Ugo,Ingram,764581403,Male,Collegium Civitas,Dare and Sons,Accounting
542,Dana,Yacobsohn,370671509,Male,American InterContinental University Online,Walter, Murray and White,Accounting
543,Anderea,Stainland,395021810,Female,University of the Sunshine Coast,Runolfsdottir-Murphy,Research and Development
544,Myron,Duthie,495032560,Non-binary,Université de Toliary,Gerlach Inc,Research and Development
545,Burtie,Curnow,286212445,Male,Kyoto Bunkyo University,Kreiger, Bailey and Wisozk,Legal
546,Barrie,Jagger,009606057,Male,Benedictine College,Haley, Koss and Kihn,Marketing
547,Martin,Putten,321745133,Male,Youngstown State University,Kunze Group,Business Development
548,Robinette,Detoc,295269142,Female,Busitema University,Nienow, Carter and Schmitt,Services
549,Calvin,Gilliver,372156293,Male,Hehai University,Lehner LLC,Marketing
550,Arlinda,Castelow,,Female,Hochschule Vechta,Dibbert, Rath and Nolan,Product Management
551,Arielle,Vanlint,152322421,Female,International University of Health and Welfare,Torp-Kemmer,Business Development
552,Rafe,McAuslene,606405710,Male,Tambov State Technical University,Batz and Sons,Business Development
553,Verge,Flay,785826999,Male,Eastern Virginia Medical School,Prosacco, Russel and Homenick,Training
554,Katee,Streat,,Female,Shah Abdul Latif University Khairpur,Pfeffer, Schmidt and Schmitt,Support
555,Lida,Hand,33406,Female,Brookdale Community College,Rogahn, Feeney and Luettgen,Sales
556,Sherill,Causey,328198200,Female,Elmira College,Larson, Nitzsche and Grady,Accounting
557,Shermie,Dando,934360909,Male,University of Science and Technology Beijing,Jacobson, Greenholt and Gerhold,Engineering
558,Hillier,Reason,807-0133,Male,Universidad Nacional del Comahue,Brekke Inc,Sales
559,Ramona,McMonnies,480333849,Female,Fachhochschule Mannheim, Hochschule für Technik und Gestaltung,Hintz-Walter,Human Resources
560,Rosamond,Davage,606860081,Female,Fine Arts Academy in Poznan,Casper, Schumm and Dickens,Research and Development
561,Bryn,Asken,,Female,Imperial College London,Leuschke-Schimmel,Support
562,Augusto,Heinssen,287792722,Male,London School of Economics and Political Science, University of London,Stoltenberg, Rutherford and Schuster,Research and Development
563,Melesa,Leaming,45710-000,Female,Universidad Nacional de San Martín,Crona and Sons,Legal
564,Arie,Surgey,833305500,Male,Music Academy "Stanislaw Moniuszko" in Gdansk,Bauch LLC,Services
565,Maribeth,Mityashev,104672545,Female,Université des Antilles et de la Guyane,Witting LLC,Training
566,Gilbertina,Bratten,8310,Female,Universitas Katolik Soegijapranoto,Ryan-Volkman,Training
567,Kent,Lease,,Male,Instituto Universitario Aeronáutico,Herman Inc,Human Resources
568,Raddy,Smy,454295164,Male,University of Rousse,Runolfsson, Blanda and Hartmann,Marketing
569,Bond,Sheather,5340-197,Male,Seinan Gakuin University,Marvin-Zemlak,Training
570,Hedi,McIlvoray,482011286,Female,American University of Kuwait ,Schuppe, Douglas and Beatty,Engineering
571,Kevon,Zanicchelli,486700001,Male,University of Venice,Farrell, Mann and Bahringer,Product Management
572,Goraud,Formie,724541911,Male,Taganrog State University of Radioengineering,Schaden-Stoltenberg,Business Development
573,Raynell,Metzig,933013731,Female,Al Maarif University College,Bode-Schamberger,Support
574,Niko,Birkmyr,581047927,Male,Maryam Institute of Higher Education,Welch, Cartwright and Legros,Support
575,Ferdinande,Rault,943041117,Female,University of East,Nienow-Beier,Human Resources
576,Davidson,Vasiljevic,526279611,Male,Ecole Supérieure de Commerce de Marseille-Provence,Stoltenberg Inc,Human Resources
577,Marrissa,Kording,282750216,Genderqueer,Sanaag University of Science and Technology,Bechtelar, Parker and Haag,Training
578,Charmain,Snashall,191787642,Non-binary,Atomi College,Watsica-Wilderman,Training
579,Dian,Physick,531 85,Female,Ecole Mohammadia d'Ingénieurs,Gleichner, Olson and Koelpin,Product Management
580,Rosie,Prin,00740,Female,Bethany College California,Wintheiser-Russel,Legal
581,Giuseppe,Whitehall,432131546,Male,Khabarovsk State University of Technology,Vandervort and Sons,Support
582,Duffie,Pakes,,Male,University of Greenland,Schmitt-Bailey,Accounting
583,Mirabelle,Bench,840977707,Female,University of Arkansas for Medical Sciences,Ziemann LLC,Legal
584,Grace,Barck,342772548,Agender,Motilal Nehru National Institute Of Technology,Lesch Inc,Business Development
585,Adaline,Pryke,201863027,Female,Escuela Politécnica de Chimborazo,D'Amore, Ziemann and Dare,Marketing
586,Ody,Pennacci,,Male,Haverford College,Spencer, Rohan and Carroll,Engineering
587,Kristel,Kemmis,,Bigender,Nalanda Open University,Bahringer, Kertzmann and Wisozk,Accounting
588,Rebekkah,Cuttles,394077,Female,Universidad de Puerto Rico, Rio Pedras,Kemmer, O'Conner and MacGyver,Services
589,Rodrick,Reskelly,1291,Male,Lithunian Institute of Physical Education,Johnston-White,Support
590,Randi,Lidstone,275605491,Male,Our Lady of Holy Cross College,Hansen, Hand and Schmidt,Engineering
591,Pavel,Bugge,852246141,Male,National University of Science and Technology,Sanford Group,Human Resources
592,Joelie,Grgic,283582118,Female,Luhansk State Medical University,D'Amore Inc,Training
593,Erena,Smieton,31224,Female,Universidad del Mayab,McCullough, Okuneva and Buckridge,Accounting
594,Arnold,Dunge,597299998,Male,American University of the Caribbean, Sint Maarten,Harvey, Weissnat and Harber,Services
595,Nadine,Brunke,,Female,DeVry Institute of Technology, DuPage,Moore-Quitzon,Marketing
596,Aline,Sponton,4615-099,Female,Gulhane Military Medical Academy,Morar-Cremin,Accounting
597,Brad,Rosenfield,816014227,Male,Akita University,Koch-Batz,Human Resources
598,Calli,Siege,022415661,Female,Vilnius Gediminas Technical University,Pouros and Sons,Services
599,Pietro,Dake,707375004,Male,Lake Superior State University,Breitenberg, Marquardt and Kilback,Services
600,Arch,Gendrich,526412263,Male,Hamilton Technical College,Kuphal and Sons,Legal
601,Vern,Collin,78942 CEDEX,Male,St.Kliment Ohridski University,Rowe LLC,Services
602,Ollie,Urian,232271149,Male,Academy of Economics "Dimitur A. Tscenov",Collins Group,Support
603,Rosita,Dow,104515504,Female,Planwel University,Kub Group,Product Management
604,Frances,Yesinin,604321439,Female,Kogakuin University,Muller-Schultz,Legal
605,Kristian,Antoniak,,Male,Institut Catholique d'Arts et Métiers Lille,Watsica, Fahey and Braun,Business Development
606,Kerr,Denniss,871093136,Polygender,University of Bunkyo,Crist, Dare and Kuvalis,Product Management
607,Millicent,Nertney,3210,Female,Universidade Atlântica,Kiehn-Schoen,Support
608,Any,Kurten,,Male,Beijing University of Agriculture,Koss-Bartoletti,Legal
609,Fleming,Boucher,295660547,Male,Universidad Autónoma Metropolitana - Azcapotzalco,Parisian LLC,Accounting
610,Guillema,Bowell,368304257,Female,Global University,Vandervort, Beatty and White,Product Management
611,Donnie,Pasfield,381202177,Male,Medical Academy Ludwik Rydygier in Bydgoszcz,Feeney-Jacobson,Marketing
612,Millicent,Bottinelli,72401,Female,Veliko Turnovo University "Cyril and Methodius",Ruecker, Durgan and Kunde,Product Management
613,Louis,Faircloth,74004 CEDEX,Male,Netaji Subhas Inst of Technology,Torp-Boyle,Human Resources
614,Wilhelmine,Skase,705104039,Female,Université du Québec à Rimouski,Walker, Watsica and Shields,Support
615,Florida,McRobbie,331756302,Female,Gujarat Ayurved University,Heaney, Schinner and Donnelly,Training
616,Genna,Patterfield,43150,Non-binary,Adler School of Professional Psychology,Stoltenberg and Sons,Support
617,Vinni,Bendon,857126051,Genderfluid,Ecole Supérieure de Commerce de Bordeaux,Cronin and Sons,Training
618,Donetta,Cruickshanks,928683849,Female,Ecole Normale Supérieure de Paris,Gusikowski, Rosenbaum and Nader,Support
619,Tyne,Sails,,Female,University College of Cape Breton,Botsford-Lockman,Accounting
620,Kinny,Heelis,115901740,Male,Agricultural-Technical Academy in Olsztyn,Crooks Group,Services
621,Lorene,Lawlings,P0M,Genderqueer,Escuela Nacional de Estudios Superiores Unidad León,Zieme and Sons,Product Management
622,Isaak,Forth,,Male,Pwani University,Bode, Gleichner and Leannon,Accounting
623,Othilia,Dries,087015928,Female,Kumamoto Prefectural University,Wolf LLC,Support
624,Dorrie,Birchwood,606163395,Female,Trinity International University,O'Hara LLC,Business Development
625,Rand,Lambe,912 99,Male,Universidad Nacional Daniel Alcides Carrion,Casper Inc,Marketing
626,Carny,Burleigh,283090908,Male,Fred Hutchinson Cancer Research Center,Reynolds, McLaughlin and Shanahan,Product Management
627,Edouard,Alentyev,80130,Male,Technological University of the Philippines,Barrows LLC,Training
628,Archy,Shilliday,,Male,Christ University,Rosenbaum-Haley,Training
629,Berk,Shadrack,686021800,Male,Fachhochschule Kempten, Hochschule für Technik und Wirtschaft,Toy LLC,Sales
630,Annalee,Groll,347485925,Female,Barat College,Kovacek, Champlin and Gutkowski,Sales
631,Kimble,Fist,390383806,Male,Universidad Politécnica de Cataluna,Grimes, Armstrong and Parisian,Human Resources
632,Solomon,Rigardeau,331553009,Male,Royal College of Surgeons,Emard-Koch,Legal
633,Min,Warrilow,717540629,Female,St. Augustine International University,Effertz LLC,Human Resources
634,Willem,Clethro,,Male,Graduate Theological Union,Rau-Jacobs,Business Development
635,Urbain,Ziems,668461422,Male,University of Southern Queensland,Carter Group,Support
636,Henry,Quinell,816014286,Male,Hyogo University of Education,Cremin, Shanahan and Pouros,Legal
637,Odelia,Paulino,622080215,Female,Northwood University, Florida Campus,Will, Christiansen and Borer,Support
638,Violette,Oaks,423470148,Female,Abant Izzet Baysal University,Klocko, Barrows and Huel,Services
639,Durant,Oller,461684300,Male,Okayama University of Science,Lehner Inc,Legal
640,Kippy,Tennewell,769021879,Male,Dawood College of Engineering and Technology,Johnson LLC,Engineering
641,Ainslee,Pickerin,814014212,Female,Morris Brown College,Gislason LLC,Sales
642,Ralf,Archibold,850122702,Male,Universidad INCCA de Colombia,Brekke, Willms and Hessel,Engineering
643,Guinevere,Lowndsbrough,070423505,Female,Fachhochschule Stuttgart, Hochschule für Technik,Heaney, Champlin and Kirlin,Human Resources
644,Reta,De Souza,7210,Female,Punjab Engineering College Deemed University,Mraz Inc,Legal
645,Giusto,Reneke,170330858,Male,Ursuline College,Swift-Hickle,Legal
646,Fiann,David,606243,Female,Hochschule Magdeburg-Stendal (FH),Crist Inc,Support
647,Rowen,Whiffen,711113105,Male,Royal Danish Academy of Fine Arts, School of Visual Art,Turner Inc,Engineering
648,Skyler,Lafont,,Male,Tohwa University,Morissette Group,Support
649,Nada,Farnill,282199305,Female,California State University, Northridge,Stracke-Padberg,Business Development
650,Guillaume,Tinson,,Male,Florida Metropolitan University, Fort Lauderdale College,Howell and Sons,Support
651,Bobine,Petrishchev,309046258,Female,Nihon University,Green Inc,Engineering
652,Fons,Jowling,735549117,Male,Tunku Abdul Rahman Chinese College,Crist Group,Support
653,Nessy,Stilwell,840436651,Female,King Saud University,Dooley Group,Business Development
654,Kathe,Tolussi,554860013,Female,Western Mindanao State University,Cruickshank-Kirlin,Product Management
655,Krispin,Marcos,611100067,Male,Bahria University,Ferry-Block,Training
656,Abbey,Coales,606860081,Male,Regent University College of Science and Technology  ,Lakin, Little and Kovacek,Engineering
657,Peggi,Vigurs,128010304,Female,University of Bialystok,Medhurst Inc,Sales
658,Chicky,Grunder,900885904,Male,Medical College of Georgia,Wiza and Sons,Research and Development
659,Ynes,Dickerline,281442515,Female,Youngstown State University,Goodwin, Stamm and Spencer,Business Development
660,Patrizius,Cuniffe,11130,Male,Ahi Evran University,McKenzie, Auer and Lakin,Business Development
661,Marne,Beldom,368150,Female,De Montfort University Leicester,Connelly-Fritsch,Marketing
662,Averil,Pedracci,,Male,RKDF University,Willms-Huels,Training
663,Koenraad,Bernardeschi,463077762,Male,Fachhochschule Gelsenkirchen,Barrows Inc,Marketing
664,Waldon,Korneichuk,33160,Male,Universität Leipzig,Stark, Lueilwitz and Harris,Training
665,Leodora,Stoodale,389015230,Female,Pannnasatra University of Cambodia,McLaughlin Inc,Business Development
666,Denyse,Amor,258015977,Female,Technological Education Institute of Mesologgi,Runte-Herzog,Accounting
667,Rand,Rushforth,521529,Male,Mount Vernon College,Bergnaum, Hilll and Smith,Business Development
668,Korney,Sandbrook,,Female,Hiram College,Johnson-Wisoky,Services
669,Ardene,Oganesian,927801960,Non-binary,Ummah University,Glover, Gusikowski and Raynor,Research and Development
670,Reggi,Warr,762553616,Agender,University of Leeds,O'Connell, Rau and Kuhn,Human Resources
671,Lira,Portriss,543073508,Female,Université de Guelma,Bartell Group,Human Resources
672,Gaile,Coffey,242117664,Male,Universidad José Cecilio del Valle,Bechtelar, Miller and Hirthe,Legal
673,Chelsea,Stickland,714493717,Female,Universitas Muhammadiyah Mataram,Wisozk and Sons,Marketing
674,Mead,Gut,514451699,Female,Jiangxi Normal University,Conn, Tremblay and Baumbach,Product Management
675,Yorke,Overel,774802801,Male,Regent College,Crist LLC,Human Resources
676,Butch,Biggam,982212557,Male,European Business School Schloß Reichartshausen,Fay-Johnson,Support
677,Darrelle,MacArthur,711055714,Female,Universidad para la Cooperación Internacional,Connelly Group,Sales
678,Tulley,Pidgin,614553313,Male,Bowling Green State University,Hintz-Herman,Engineering
679,Marci,Bernardes,482030160,Female,Universidad Galileo,Hand, Bashirian and Jaskolski,Product Management
680,Oliviero,Westmoreland,282604093,Male,Kun Shan University,Koepp, VonRueden and Considine,Product Management
681,Lorena,Yorkston,,Female,European University Cyprus,Macejkovic Group,Business Development
682,Rik,Hebditch,617398998,Male,Indian Institute of Technology, Roorkee,Kessler, Keebler and Cole,Sales
683,Douglass,Birtonshaw,10707,Male,Azerbaijan State Economic University,Fay-Reichert,Human Resources
684,Noella,Mignot,72602,Female,University of Florence,DuBuque Group,Legal
685,Morton,Kittman,364205321,Male,Integral University,Green-Swaniawski,Product Management
686,Terrance,Itzkovwitch,704042668,Male,Instituto Politécnico Nacional,Klocko and Sons,Sales
687,Kanya,Treleven,282115121,Female,Lahore University of Management Sciences,Auer-Kohler,Accounting
688,Wake,Steart,,Male,Planwel University,Medhurst-Pfannerstill,Engineering
689,Lek,Ordelt,296072101,Male,Instituto Politécnico de Coimbra,Senger, Ankunding and Tillman,Research and Development
690,Paige,Cosker,2710-470,Female,University of Illinois at Chicago,Stiedemann, Kassulke and Hane,Services
691,Alidia,Congreave,046523620,Female,Shri Jagannath Sanskrit University,Koepp and Sons,Sales
692,Osmund,Guilaem,3025-377,Male,K.N.Toosi University of Technology,Corwin Group,Accounting
693,Goldia,Steptoe,564821253,Female,British Institute in Paris, University of London,Conroy-Welch,Legal
694,Kevan,Lehrer,760678246,Male,Keisen Jogaku-en College,Sporer, Effertz and McGlynn,Human Resources
695,Bayard,Featherstone,,Male,Nagaland University,Koepp and Sons,Sales
696,Timothy,Lottrington,395330555,Male,Tecnologico de Baja California, Universidad,Miller-Buckridge,Services
697,Joshuah,Sommerlin,551012502,Male,Jomo Kenyatta University of Agriculture and Technology,Skiles Group,Marketing
698,Millie,Oddy,5850,Female,Kyushu University,Dietrich Group,Services
699,Robbyn,Lampe,,Female,Hitotsubashi University,Luettgen-Hyatt,Engineering
700,Thurstan,Kincaid,33168,Male,Laikipia University,Herzog LLC,Services
701,Cornie,Lansberry,475012860,Female,Université de Ouagadougou,Howell, Goodwin and Becker,Services
702,Bridgette,Brolechan,926472656,Female,Penza State University,Dibbert and Sons,Research and Development
703,Robin,Heppenspall,75712 CEDEX 15,Female,Brandman University,Crona LLC,Marketing
704,Addie,Hulse,544495703,Male,International University for Graduate Studies,Toy, Quitzon and Beatty,Research and Development
705,Blinni,Penhaligon,807341854,Female,Long Island University, Southampton College,Kshlerin Group,Accounting
706,Ashil,O'Hannen,331865327,Female,Universidad Nacional Daniel Alcides Carrion,Kerluke LLC,Research and Development
707,Dulce,Palfreeman,331553009,Female,Karaganda State Technical University,Wiegand and Sons,Business Development
708,Madison,Larmett,295269142,Male,Pomona College,Witting-Satterfield,Legal
709,Gunner,Tolworthie,5330,Male,Universitas Pekalongan,Welch Inc,Research and Development
710,Yorke,Yakebovich,460112145,Genderqueer,National Yunlin University of Science and Technology,Grimes-Rogahn,Business Development
711,Giles,Broadbury,331657574,Male,University of Medicine and Pharmacy of Cluj-Napoca,Kassulke-Wolff,Product Management
712,Mercy,Ogden,142672,Female,Universidad Cardenal Herrera-CEU,Koelpin-Witting,Services
713,Alfons,Cardon,L9T,Male,Kerman University of Medical Sciences,Kunze, Baumbach and Morar,Services
714,Nelia,Lorenzini,3309,Female,Karnatak University,Monahan Inc,Sales
715,Nobie,Dumbarton,331553009,Male,East-Siberian State University,Fisher and Sons,Legal
716,Correna,Kennion,911892322,Female,Makanlal Chutur Vedi University,Langosh-Heaney,Training
717,Tome,Pettendrich,94115,Male,Universidad Técnica de Babahoyo,Wilkinson, Collier and Satterfield,Accounting
718,Valida,Silverson,663914,Female,Auckland University of Technology,Murazik-Huels,Accounting
719,Thoma,Jerdan,708084375,Male,University of Saint Joseph,Collins-Ryan,Legal
720,Ingar,Lynagh,236011929,Male,Univesidade Agostinho Neto,Dicki, Stoltenberg and McCullough,Legal
721,Jacky,Lenoir,072023625,Male,West Bengal University of Animal and Fishery Sciences,Lakin and Sons,Training
722,Hortense,Cleaveland,49048,Female,The New School,VonRueden LLC,Product Management
723,Krishnah,Guittet,287440569,Male,Sugino Women's College,Waelchi-Muller,Research and Development
724,Alisha,Coalbran,007372800,Female,Australian Lutheran College,Fadel, Bauch and Ledner,Accounting
725,Seth,Vowells,462292887,Male,Universidad de Medellín,Jakubowski Group,Human Resources
726,Mort,Witherop,265071127,Male,Bila Cerkva State Agrarian University,Wilkinson, Stroman and Kuhic,Engineering
727,Ernst,Sanches,331652076,Male,Aga Khan University,Heller-Feil,Business Development
728,Liza,Cassely,750023024,Female,University of New England,Homenick, Crooks and Welch,Engineering
729,Moises,McKinnell,946081804,Male,Evangelische Fachhochschule Ludwigshafen Hochschule für Sozial- und Gesundheitswesen,Lehner, Dietrich and Effertz,Business Development
730,Merrilee,Bullick,331782775,Female,University College of Gävle,Roob-VonRueden,Sales
731,Viviana,Hairesnape,,Female,Bratislava International School of Liberal Arts,Barrows, Altenwerth and Runte,Business Development
732,Karel,Bondesen,006311003,Agender,National Taipei University of Technology,Haley LLC,Accounting
733,Dimitri,de la Tremoille,,Male,European Academy of Arts in Warsaw,Larkin-Stamm,Business Development
734,Alleen,Trollope,998017808,Female,Intercollege,Schroeder, Ernser and Cormier,Research and Development
735,Anatollo,Barfield,11900-000,Male,Hochschule Anhalt (FH), Hochschule für angewandte Wissenschaften,Emard LLC,Support
736,Kinna,Proschek,6521,Female,Al-Bukhari International University,Welch Inc,Product Management
737,Briny,Garvie,,Female,Institute of Business Management ,Schuster and Sons,Product Management
738,Zorana,Bantock,,Female,Sabaragamuwa University of Sri Lanka,Mante LLC,Legal
739,Dalton,Arndt,921015738,Male,The Boston Conservatory,Bauch-Witting,Services
740,Paten,Hay,752847488,Male,Hogeschool Leiden,Roberts, Murray and Schinner,Legal
741,Wang,Durnell,01915,Genderqueer,Université des Antilles et de la Guyane,Little-Rempel,Engineering
742,Lauren,Fayer,100033801,Male,Ecole Supérieure d'Optique,Dach-Price,Legal
743,Queenie,Haughey,278933428,Genderqueer,Babasaheb Bhimrao Ambedkar University,Nolan, Green and Raynor,Sales
744,Lindsay,McConnel,52349,Male,Piedmont Baptist College,Thompson-Leannon,Product Management
745,Lucas,Shearer,850122702,Male,Florida Gulf Coast University,Corkery Group,Business Development
746,Berta,Cator,484167908,Female,Soai University,Russel-Kub,Engineering
747,Tobe,Eakle,074441647,Male,Shaheed Chamran University,Breitenberg Group,Marketing
748,Tore,Olivari,190273100,Male,Divine Word College of Legazpi,Metz LLC,Product Management
749,Steven,Shrive,,Male,Eastern Oregon University,Sauer-Effertz,Product Management
750,Elisabetta,Kolyagin,6120-215,Female,Wenzhou University,Volkman, Bahringer and Hegmann,Legal
751,Haroun,Reddyhoff,331653747,Male,Texas Lutheran University,Cronin Inc,Sales
752,Elga,Le Moucheux,074502726,Female,Texila American University,Robel-Funk,Training
753,Egan,Lembrick,232271149,Polygender,Volyn National University Lesja Ukrainka,Walsh-O'Connell,Engineering
754,Electra,Forshaw,,Female,Université de Cocody,Spinka-Yundt,Services
755,Stafford,Wrenn,,Male,Lincoln University San Francisco,Kirlin-Dach,Support
756,Trumaine,Antonnikov,215023765,Male,Vladimir State University,Roob-Mills,Engineering
757,Stanislaw,Hawton,531292452,Male,Dhaka International University,Altenwerth-Cummings,Product Management
758,Clarita,Saffe,064603158,Female,Indian Veterinary Research Institute,Dietrich LLC,Human Resources
759,Byrom,Toope,782293550,Male,Franklin Pierce Law Center,Thompson Group,Human Resources
760,Hewe,Morrish,98848,Male,Universitas Muhammadiyah Sumatra Utara,Aufderhar LLC,Accounting
761,Linnet,Wedlock,,Female,E.A.P. Europäische Wirtschaftshochschule Berlin,Padberg, Schaden and Wintheiser,Accounting
762,Berry,Jory,164079121,Female,Universität Fridericana Karlsruhe (Technische Hochschule),Collins-Mosciski,Product Management
763,Dinnie,Duddy,902422804,Female,University of Denver,Hoppe LLC,Research and Development
764,Lancelot,Ambrogi,,Male,Jadavpur University,Hansen, Swaniawski and O'Keefe,Accounting
765,Anson,Oxby,331695710,Male,Midway College,Bradtke-Koepp,Engineering
766,Suki,Drabble,493072048,Female,Agricultural-Technical Academy in Olsztyn,Considine and Sons,Business Development
767,Delano,Staniland,45350-000,Genderfluid,University of Ferrara,Waelchi, DuBuque and Fahey,Training
768,Corabel,Kinver,712204441,Female,Instituto Superior de Línguas e Administração,Kuhlman, Marquardt and Hirthe,Services
769,Ive,Telling,22001,Agender,Massachusetts Maritime Academy,Wiza, Gerlach and Cummerata,Training
770,Linette,Winnett,040113310,Female,Università Bocconi,Renner-Simonis,Product Management
771,Kassandra,Holbie,482772739,Female,Technological University (Mandalay),Hyatt Inc,Sales
772,Darline,Brine,170554325,Female,Universidad Dominico-Americana,Rempel and Sons,Marketing
773,Tawnya,Baldin,48075,Non-binary,Miami University of Ohio,Grady-Kilback,Marketing
774,Aggi,Karlik,,Genderqueer,NTI University,Wilkinson Inc,Accounting
775,Averil,Mahomet,370275079,Male,University Konstantina Filozov in Nitra,Ritchie, D'Amore and Block,Marketing
776,Worden,Batting,,Bigender,University of West Los Angeles,Kshlerin Group,Legal
777,Elias,Milliken,392723004,Male,Mount Vernon College,Kuhn, Cummerata and Macejkovic,Human Resources
778,Helene,Maggill'Andreis,765743564,Female,Bryn Mawr College,Cummerata LLC,Sales
779,Jessica,de Tocqueville,710522603,Female,Volyn National University Lesja Ukrainka,Ebert, Collins and Toy,Marketing
780,Magnum,Arghent,764424462,Male,Universidad Privada Franz Tamayo (UNIFRANZ),Lakin, Funk and Kerluke,Research and Development
781,Sarajane,Karlsen,565732102,Female,Facultés Universitaires Catholiques de Mons,Goldner, Mante and Homenick,Legal
782,Jared,Aleksandrov,501312949,Male,University of the Philippines Open University,Okuneva-Ziemann,Engineering
783,Ezechiel,Paxman,730704006,Genderfluid,Universitas Negeri Padang,Olson, Gorczany and Cummings,Engineering
784,Trevar,Huge,,Male,North Carolina School of the Arts,Jacobs, Bosco and Dare,Accounting
785,Nell,Gleader,111022448,Female,Universitas Ahmad Dahlan,Will LLC,Product Management
786,Merry,Shambroke,,Female,Yaroslavl State Technical University,Glover LLC,Services
787,Fenelia,Vandenhoff,064053009,Genderfluid,St. Andrew's University,Schmidt LLC,Legal
788,Irving,Betser,700062970,Male,Ecole Centrale de Lyon,White and Sons,Support
789,Odella,Hanlon,197025709,Female,Khmelnitsky National University,Morar, Rice and Smitham,Sales
790,Henrietta,Oman,676421435,Female,Mercer University,Dickinson, Greenfelder and Wiegand,Research and Development
791,Denver,Englefield,136199703,Male,Appalachian State University,Emard and Sons,Services
792,Sonya,Robertazzi,84304 CEDEX,Female,Tianjin Academy of Fine Art,Klocko-Waters,Services
793,Joelynn,Alwen,381114744,Female,Karlstad University,Stroman-Grant,Training
794,Bastien,Nicolls,993495116,Polygender,Smolensk Humanitarian University,D'Amore-Gutkowski,Support
795,Randal,Boorne,,Male,Great Lakes Christian College,Stokes-Runolfsdottir,Training
796,Kissiah,Cuckson,648043503,Female,University of Maryland (System),O'Hara LLC,Training
797,Erda,Michelin,788525893,Female,Duke University,Runolfsdottir-Mertz,Business Development
798,Teddie,O'Loughnan,061171508,Male,Don State Agrarian University,Berge Inc,Research and Development
799,Philbert,Cabera,837010640,Polygender,Adventist University of Africa,Crona Inc,Sales
800,Galina,Malden,178222575,Female,Université Libre de Bruxelles,Tromp Inc,Training
801,Allianora,Pentecost,344715159,Female,Universitas Yarsi,Leffler and Sons,Support
802,Rakel,Du Plantier,606954088,Female,International School of Management in Prešov,Nader, Hegmann and Homenick,Human Resources
803,Hali,Pendlenton,286460787,Female,Ateneo de Naga University,Schultz LLC,Services
804,Osbert,Sheaber,753908870,Male,National Academy of Fine Arts,Leuschke, Nader and Quitzon,Support
805,Atlante,Klamp,331702714,Female,American Conservatory of Music,Schmeler-Beer,Sales
806,Harlin,Skelbeck,21216,Male,Mahatma Gandhi Chitrakut Gramoday University,Schuster-Nienow,Product Management
807,Joane,Marti,69870-000,Female,Brandon University,Bergnaum-Zemlak,Services
808,Basil,Thridgould,303743070,Male,Universitas Islam Bandung,Daugherty Group,Business Development
809,Clair,Molan,77479,Male,Athabasca University,Huel and Sons,Sales
810,Dorris,Lambeth,442602022,Female,Vidzeme University College,Treutel, McCullough and Kreiger,Research and Development
811,Anny,Curston,799133230,Female,Fuji University,Gottlieb-Lynch,Business Development
812,Chad,Shinton,658075209,Female,Lahore College for Women University,Kuphal-Shanahan,Support
813,Coleman,Goundry,981455005,Male,International Islamic College of Penang,Hammes-McDermott,Support
814,Toby,Landell,,Female,Nanjing Medical University,Brakus LLC,Business Development
815,Celesta,Johnson,368219,Female,Kemerovo State University,Lockman-Pacocha,Support
816,Morrie,Pareman,006811750,Male,Camberwell College of Arts,Rogahn, Corkery and Strosin,Services
817,Jacenta,Purslow,179012710,Female,Randolph-Macon College,Ryan-Ferry,Product Management
818,Jerrilee,Lintall,,Female,Technological University (Mandalay),Schuppe Inc,Support
819,Minne,Neilly,294820040,Female,Universität für Musik und darstellende Kunst Graz,McClure Inc,Services
820,Netti,Althrop,334345310,Female,Covenant College,Wilderman, Lemke and Doyle,Research and Development
821,Nicolina,Boorne,,Female,University of Northern Virginia, Prague Campus,Gottlieb-Balistreri,Marketing
822,Cherlyn,Cheevers,810502751,Female,St. Petersburg State Technological University of Plant Polymers,VonRueden-DuBuque,Accounting
823,Velma,Pyford,462198300,Female,Pace University,Strosin Group,Research and Development
824,Free,Winson,500200276,Male,Emmanuel College,Miller-Cruickshank,Accounting
825,Rollins,Noye,331442575,Male,Escola Superior de Artes e Design,Durgan LLC,Legal
826,Herby,Corke,452633370,Male,University of Constanta Medical School,Kohler Inc,Services
827,Leonard,Ringer,8301,Male,Technological University (Myitkyina) ,Cronin, Murphy and Gleason,Accounting
828,Faythe,Ilson,606123714,Non-binary,Staatlich anerkannte Fachhochschule für Kunsttherapie,Wuckert-Schinner,Engineering
829,Ashley,Petroff,704383688,Male,Tashkent Institute of Irrigation and Melioration,Kuphal-Graham,Research and Development
830,Karlotta,Schruurs,,Female,Technical University of Kielce,Lindgren LLC,Training
831,Shelly,Leggen,895021576,Female,Ecole Supérieure de Commerce de Dijon,Ferry, Moen and Jerde,Sales
832,Bea,Accomb,625264163,Female,East Kazakhstan State University,Bosco-Harris,Services
833,Josey,Tombleson,,Female,Universidad Bolivariana,Cronin LLC,Sales
834,Cleveland,Kidgell,900372415,Male,Politécnico Grancolombiano - Institución Universitaria,Veum-Orn,Research and Development
835,Charis,Ingham,15213,Female,Université de Batna,Nikolaus-Jakubowski,Accounting
836,Ingaberg,Galbreth,452424402,Female,Toho University,Lueilwitz, Homenick and Kirlin,Legal
837,Holden,Aireton,495032560,Male,Universidad Francisco de Vitoria,Nikolaus and Sons,Business Development
838,Roze,Hedney,553443248,Female,Universidad Fermin Toro,O'Reilly-Kub,Legal
839,Jami,Hobbema,75690-000,Female,St. Joseph College of Nursing,Bosco Group,Training
840,Ali,Connochie,900741515,Male,Union University,West Group,Product Management
841,Garrek,Jarmaine,751492434,Male,Ecole Nationale Supérieure de Chimie de Rennes,Grimes, Schmidt and Schoen,Human Resources
842,Christiane,Merryman,646838343,Female,Hokkaido Institute of Technology,Kihn, Pfannerstill and Simonis,Accounting
843,Taber,Borland,137537407,Male,Togliatti State University,Bartoletti-O'Keefe,Engineering
844,Marmaduke,Primett,570032033,Male,Universidad Nacional de San Agustin,Abbott-Volkman,Sales
845,Gerardo,Ridgway,2250,Male,Ch. Charan Singh University,Hegmann-Kunde,Research and Development
846,Launce,Gianettini,92980 CEDEX,Male,Pondicherry University,Schulist LLC,Accounting
847,Michele,Stitt,352830605,Male,University of Wales Institute, Cardiff,Toy and Sons,Accounting
848,Marilyn,Tilney,789571730,Female,University of Pittsburgh,Ondricka, Haley and Wisoky,Sales
849,Nolly,Spilisy,662518,Non-binary,Academy of Arts,Bins-Wilkinson,Legal
850,Jule,Degli Antoni,,Male,William Paterson University,Armstrong, Heller and Simonis,Human Resources
851,Inigo,Wiz,441940002,Male,Universitas Advent Indonesia,Langosh Inc,Business Development
852,Gustaf,Keenlayside,917063241,Male,Ling Tung University,Hodkiewicz-Fadel,Product Management
853,Justen,Fearick,367442316,Male,Medical College of Georgia,Franecki-Howe,Services
854,Arron,Esseby,191826422,Polygender,Kunmimg University of Science and Technology,Dickens-Hegmann,Accounting
855,Adelaide,Gentry,606731264,Female,ISFORT - Institut de Formation en Technologie Alimentaire,Krajcik LLC,Support
856,Kori,MacConnechie,334097021,Female,Seinan Gakuin University,Block and Sons,Support
857,Krystalle,Amori,900840145,Genderfluid,University of Arkansas at Little Rock,Bechtelar-Rice,Accounting
858,Giralda,Artiss,200172180,Female,China Medical College,Watsica-Huel,Product Management
859,Farlee,Bromilow,009213200,Male,Universidad del Istmo,Jacobson, Gleason and Anderson,Research and Development
860,Barbabra,Cruess,249406,Female,Reitaku University,Yost-Kub,Sales
861,Austina,Templeman,472742640,Female,Albany Medical Center,Hayes Inc,Legal
862,Salim,Yakushkev,482011288,Male,Kent State University - Trumbull,Schmidt-Bogisich,Sales
863,Itch,Risen,367560149,Male,Hochschule für Philosophie München,Connelly, Stark and Carter,Research and Development
864,Arnoldo,Gawith,,Male,Maranatha Baptist Bible College,Considine, White and Marvin,Human Resources
865,Yard,Dunkley,,Male,Averett College,Quitzon Inc,Support
866,Eran,Yeskin,69-101,Female,Universidad Católica de Santo Domingo,Schaden, Jast and Koepp,Services
867,Frank,Annesley,009103881,Male,Ibaraki Prefectural University of Health Sciences,Marvin Inc,Product Management
868,Kelsi,Crowter,850122702,Female,Western State University College of Law,Gleichner and Sons,Business Development
869,Ida,De Winton,577017375,Female,Norwich University,Kerluke-Stiedemann,Training
870,Tracy,Gumb,,Male,Moscow Power Engineering Institute (Technical University),Jaskolski and Sons,Business Development
871,Traci,Chestle,670639602,Female,University of the Philippines Manila,Blick, Feil and MacGyver,Training
872,Mignon,Domengue,199634364,Female,Ufa State Aviation Technical University,Mayert, Erdman and Klocko,Research and Development
873,Roxane,Asty,30160,Female,Université Lumière de Bujumbura,Waelchi Group,Business Development
874,Herman,Maes,913642573,Male,Seton Hill College,Pfeffer, Spencer and Effertz,Training
875,Kit,Pechacek,,Male,Alaska Pacific University,Schowalter-Runolfsson,Accounting
876,Peggy,Moores,29118,Female,Sapporo Gakuin University,Yundt, Russel and Hagenes,Legal
877,Franciskus,Spare,463077762,Male,Macau Polytechnic Institute,Hoppe Group,Marketing
878,Nikolos,O'Moylan,,Male,Kamchatka State University Vitus Bering,Bartell Inc,Research and Development
879,Garret,Smewings,171012010,Male,Acdemic Center for Law and Business,Funk-Emard,Engineering
880,Maxy,Dring,058190905,Genderqueer,California State University, Stanislaus,Beier and Sons,Training
881,Issi,Finlayson,926272818,Female,University of New Haven,Windler LLC,Accounting
882,Chrysa,Fish,469522600,Female,College of St. Rose,Flatley Group,Services
883,Trudie,Phillpotts,368692,Female,Cleveland Institute of Art,Fahey-Denesik,Research and Development
884,Ardith,Sunnucks,4612,Genderqueer,Angeles University,Hermiston-Bashirian,Marketing
885,Nikki,Cutchee,333243273,Female,European University,Swift, Keeling and Pacocha,Product Management
886,Juliette,Bille,270304561,Female,Universidad de Cantabria,Cartwright, Hartmann and Russel,Human Resources
887,Ferd,Cowlard,02536,Male,COMSATS Institute of Information Technology, Abbottabad,Gusikowski and Sons,Human Resources
888,Ada,Gamlen,785826211,Female,Budapest Buddhist University,Hamill Group,Legal
889,Toiboid,Gon,00659,Male,Katholieke Universiteit Leuven, Campus Kortrijk,Schuster Inc,Legal
890,Cristin,Yanin,77418,Genderqueer,Cag University,Kub-Moen,Accounting
891,Garvin,Fateley,440942948,Male,Malaspina University College,Kreiger Group,Engineering
892,Modesty,Rayworth,,Female,Ecole Nationale de l'Aviation Civile,Schimmel LLC,Training
893,Tory,Arpino,705083870,Female,Ho Chi Minh City University of Pedagogics,Balistreri, Sipes and Weissnat,Marketing
894,Yolande,Godball,139054198,Female,Universidade Católica de Angola,Schiller-Tillman,Legal
895,Nomi,Lishmund,606775070,Female,Selkirk College,Bruen and Sons,Marketing
896,Eamon,Worland,,Male,Milwaukee School of Engineering,D'Amore, West and Nikolaus,Support
897,Sanford,Percy,,Male,Gezira College of Technology,Keeling Inc,Business Development
898,Lida,Fiennes,493072048,Female,Colorado State University,Bernier-Jast,Product Management
899,Isiahi,Piatti,913676701,Male,Grand View College,Littel-Flatley,Accounting
900,Koralle,Manueau,3070-605,Female,Cornish College of the Arts,Price-McDermott,Business Development
901,Dynah,Blevin,439509119,Female,University Malaysia Pahang,Breitenberg and Sons,Marketing
902,Curt,Konneke,744621611,Male,Swinburne University of Technology,Altenwerth-Wunsch,Sales
903,Cliff,Gietz,461312179,Male,Southwestern Christian University,Runolfsson, Fisher and Simonis,Engineering
904,Yanaton,Itzkovitch,606860081,Male,Handelshochschule Leipzig,Mante-Cummings,Services
905,Arluene,Leverson,381202177,Female,Universidad Blas Pascal,Adams, Conroy and Wolf,Product Management
906,Paton,Comelini,330122748,Male,William and Catherine Booth College,Klocko-Sipes,Product Management
907,Ced,Rimington,,Male,Tongji University,Weber, Murazik and Collier,Business Development
908,Merle,Aland,,Genderfluid,Al-Zaytoonah University,Vandervort-Russel,Engineering
909,Gabriellia,MacIlhagga,31329,Female,Yamanashi University,Nicolas, Boehm and Jenkins,Human Resources
910,Noble,Buckoke,47331,Male,Politécnico Grancolombiano - Institución Universitaria,Schoen-Watsica,Marketing
911,Tulley,Errichi,717110797,Male,Tokyo University,DuBuque, Okuneva and Leffler,Services
912,Tracie,Akred,0031,Female,Altai State Medical University,Cole Group,Support
913,Laina,Liddyard,708163254,Female,Foothill-De Anza Community College District,Koss-Conn,Human Resources
914,Aurthur,Kelk,4800-349,Male,Leon Kozminski Academy of Entrepreneurship and Mangement,Luettgen-Labadie,Human Resources
915,Park,Stannislawski,98670-000,Male,Xinjiang University,Fahey, Zulauf and Price,Business Development
916,Ennis,Faussett,941430001,Male,Georgetown University,Gutmann LLC,Sales
917,Elissa,Everwin,,Female,Dixie College,Predovic Inc,Product Management
918,Merrili,Vittore,100873467,Female,Narsee Monjee Institute of Management Studies,Sauer and Sons,Research and Development
919,Addie,Porson,463250704,Male,Capella University,Konopelski, Crona and Hand,Services
920,Truda,Blackley,441164173,Female,Fairleigh Dickinson University, Teaneck-Hackensack Campus,Glover, Maggio and Kuvalis,Training
921,Lucho,Dowson,900884577,Male,Bindura University of Science Education,Greenholt-Kulas,Research and Development
922,Jacenta,O'Harney,69101,Female,Catholic University of Pusan,Walter LLC,Training
923,Ronna,Glisane,490471943,Female,Instituts Supérieurs de Formation des Maîtres,Graham, Kshlerin and Brekke,Accounting
924,Trude,Rubee,539481931,Female,Brest State Technical University,Orn-Rodriguez,Product Management
925,Egan,Doberer,953709226,Male,Ohio University,Fritsch-Wisoky,Legal
926,Sheila-kathryn,Whild,,Female,Università Bocconi,Hettinger-Feil,Support
927,Cissy,Rodbourne,853230540,Genderfluid,East-West University,Johnston and Sons,Engineering
928,Freddie,Rockhill,138202629,Female,Chinhoyi University of Technology,Considine-Fahey,Services
929,Valeda,Aslott,191826594,Female,Private Universität Witten/Herdecke,Harvey-Goyette,Support
930,Florance,Pellew,662518,Female,Albion College,Hills, Nitzsche and Stroman,Engineering
931,Marietta,Rowter,316030009,Female,University of Portland,Stroman-Hahn,Marketing
932,Trudy,Roydon,700704349,Female,Kobe International University,Renner and Sons,Engineering
933,Alister,Philipsson,259621064,Bigender,University of Central Oklahoma,Deckow and Sons,Legal
934,Lizabeth,Kislingbury,731596708,Female,Mars Hill College,Upton-Schaefer,Business Development
935,Mathilde,Lavrick,,Female,Universidad Surcolombiana,Osinski-Schulist,Engineering
936,Anjela,Linford,423037758,Female,Kagoshima Women's College,Zulauf, McCullough and Reichel,Accounting
937,Lowell,Sagrott,,Male,Central Buganda University,Rau, Zboncak and Nikolaus,Support
938,Brig,Codeman,440011620,Male,Hamilton Technical College,Turner-Mueller,Marketing
939,Lief,Raggles,759614027,Male,College of Computer Science in Lodz,Bergnaum, Bahringer and Anderson,Product Management
940,Hilliard,Marcroft,471504990,Male,Evangelische Fachhochschule Freiburg, Hochschule für Soziale Arbeit, Diakonie und Religionspädagogik,Gutmann, Corkery and Johnston,Research and Development
941,Reeba,Haddinton,,Female,Wentworth Institute of Technology,Wunsch-Parker,Sales
942,Randal,Shilito,,Male,University of Northern Colorado,Weissnat LLC,Human Resources
943,Barney,Tineman,57955-000,Male,Selangor Islamic University College,Larkin, Sporer and Auer,Product Management
944,Bo,Cramond,ZBR,Male,Ecole National d'Agriculture de Meknes,Hodkiewicz Inc,Accounting
945,Duffy,Neasham,60435,Male,Pyongtaek University ,Marvin, Crona and Wehner,Accounting
946,Rebecca,Konig,212630023,Female,Samara State Academy for Railway Transportation,Beahan, Quigley and Schneider,Product Management
947,Pet,Sentance,651096920,Female,Universidad Adventista de Chile,Jacobson, Walker and Jerde,Human Resources
948,Morganne,Dudley,900363010,Female,Kagoshima Immaculate Heart University,Effertz-Gorczany,Engineering
949,Erica,Bridgwater,396490490,Female,Université Dr Tahar Moulay,Schaefer-Mertz,Legal
950,Curt,Danielczyk,486700001,Male,Universidad Internacional Menéndez Pelayo,Oberbrunner-Pagac,Business Development
951,Kara,Dhennin,773770889,Female,Medical University of Sofia,Hills, Blanda and Moen,Human Resources
952,Karl,Ramme,616145069,Male,Tamil Nadu Veterinary and Animal Sciences University,Gislason Group,Sales
953,Bern,Glason,954536300,Male,Thomas University,Barton-Simonis,Human Resources
954,Karee,O'Monahan,758627602,Female,Mount Vernon College,Streich, Toy and Zulauf,Services
955,Giulia,Crookshank,,Female,Technical University of Szczecin,Pfannerstill-Haley,Accounting
956,Donavon,Blanchette,,Male,Universidad del País Vasco,Hudson-Wunsch,Product Management
957,Grazia,Eggar,761025841,Female,Adnan Menderes University,Weber LLC,Legal
958,Alejoa,Rodda,423470126,Male,Notre Dame University,Wilderman, Harris and Becker,Research and Development
959,Clio,Dutton,832130145,Female,Cogswell Polytechnical College,Runolfsdottir Group,Product Management
960,Gwenneth,Lawfull,478024749,Female,Nalanda Open University,Sauer-Swift,Engineering
961,Jocko,Lavington,,Male,Ulyanovsk Higher School of Civil Aviation,Frami-Blick,Research and Development
962,Kingsley,Alpe,753911875,Bigender,Bicol University,Olson, Fritsch and Schowalter,Sales
963,Corey,Kohler,762402002,Male,University of Petroleum (East China),Trantow-Beatty,Business Development
964,Krissie,Lukasen,731104201,Female,University of Medicine and Pharmacy of Timisoara,Cummerata Group,Human Resources
965,Kinnie,Humbey,782369907,Male,Universiti Teknikal Malaysia Melaka,Johnston LLC,Support
966,Conway,Plant,145349530,Male,Ontario College of Art and Design,Toy, Johnson and Reichert,Engineering
967,Rock,Baytrop,755 01,Male,Southern New Hampshire University,Bernhard, Spinka and Heaney,Accounting
968,Brok,Adhams,051563050,Male,Odense University,Barton, Price and Fisher,Human Resources
969,Hoyt,Daveren,727035521,Male,National Tsinghua University,Auer, Connelly and Stamm,Marketing
970,Genevra,Kittow,,Female,Yorker International University, Milano,Gleichner, Christiansen and Wehner,Support
971,Northrop,Leupoldt,30103,Male,Institut Teknologi Bandung,Powlowski, Goyette and Crona,Product Management
972,Gratiana,Yetts,634011239,Female,University of Southampton,Botsford and Sons,Sales
973,Rabi,Matteris,304010879,Male,Kameshwar Singh Darbhanga Sanskrit University,Pagac, Powlowski and Von,Training
974,Farrell,Dancer,784660465,Male,Palm Beach Atlantic University,Cole Group,Services
975,Aksel,Corp,151087726,Male,Technical University of Gdansk,Purdy, Runolfsdottir and Emmerich,Services
976,Oswald,Ericsson,311932540,Male,Université de Nice-Sophia Antipolis,Wiegand, MacGyver and Jaskolski,Product Management
977,Roslyn,Buddock,934367337,Female,School of the Museum of Fine Arts,Powlowski, Quigley and Corwin,Research and Development
978,Toby,Nutton,852466700,Male,Tamil Nadu Dr. Ambedkar Law University,Goldner-Mann,Engineering
979,Annabella,Mousby,372211758,Female,United States Military Academy,Lesch Inc,Accounting
980,Missy,Cuppitt,630802354,Female,Luther College,Renner-Pfannerstill,Legal
981,Meier,Blabber,31551,Male,Technological Education Institute of Serres,Ratke Group,Research and Development
982,Kathie,Raffin,396530744,Female,University of the Southern Caribbean,Gutmann, Harber and Zulauf,Product Management
983,Kris,Abramovitch,402012587,Male,Islamic Azad University, Central Tehran Branch,Zboncak, Streich and Jones,Services
984,Fanechka,Busson,007511162,Female,Metropolitan State College of Denver,Raynor Inc,Engineering
985,Trenton,Bannard,900840149,Male,Azerbaijan State Economic University,Mann-Daugherty,Support
986,Miguel,Teanby,989263875,Male,SMK Fomra Institute of Technology,Howell, Bosco and Schoen,Research and Development
987,Dannie,Ahern,434522001,Female,Al Mansour University College,Reinger-Pfannerstill,Research and Development
988,Rafa,Shucksmith,138202099,Female,Seton Hall University,Fisher Inc,Business Development
989,Riane,Bertlin,006012201,Female,University of Manchester,Walsh-Weber,Engineering
990,Fidela,Laughren,606123833,Female,Converse College,Crist Inc,Research and Development
991,Gratiana,Souter,604770967,Female,Lahore University of Management Sciences,Legros, Stoltenberg and Schumm,Business Development
992,Brittaney,Addekin,900331029,Female,Technical University of Wroclaw,Prohaska and Sons,Support
993,Elvis,Blezard,40000,Male,Concordia University, Irvine,Ruecker Group,Services
994,Giustino,Derell,812010429,Male,Yunnan Agriculture University,Hilll-Parisian,Accounting
995,Leupold,Trayling,956084021,Male,Camberwell College of Arts,Volkman-Bernier,Services
996,Stanfield,Zupo,309096521,Male,Morehead State University,Willms-Bartoletti,Accounting
997,Waldemar,Scamel,145131057,Male,Hunan Agricultural University,Dooley-Durgan,Services
998,Domingo,Kenneford,989440719,Male,Poltava National Technical University,Windler Inc,Legal
999,Jessi,Beckworth,480755403,Female,European University at St.Petersburg,Herman-Parker,Product Management
1000,Pavel,Rosendale,330154352,Male,West Virginia University Institute of Technology,Leuschke-Beatty,Accounting
